,element,opponent_team,total_points,was_home,kickoff_time,team_h_score,team_a_score,round,minutes,goals_scored,assists,clean_sheets,goals_conceded,own_goals,penalties_saved,penalties_missed,yellow_cards,red_cards,saves,bonus,bps,influence,creativity,threat,ict_index,starts,expected_goals,expected_assists,expected_goal_involvements,expected_goals_conceded,value,transfers_balance,selected,transfers_in,transfers_out
0,1,8,0,True,2024-12-14T15:00:00Z,0,0,16,0,0,0,0,0,0,0,0,0,0,0,0,0,0.0,0.0,0.0,0.0,0,0.00,0.00,0.00,0.00,54,-11,1167,0,11
1,2,8,1,True,2024-12-14T15:00:00Z,0,0,16,21,0,0,0,0,0,0,0,0,0,0,0,0,0.0,0.9,13.0,1.2,0,0.15,0.02,0.17,0.00,68,-855,98617,1732,2587
2,3,8,9,True,2024-12-14T15:00:00Z,0,0,16,90,0,0,1,0,0,0,0,0,0,0,3,34,26.6,16.5,8.0,5.1,1,0.00,0.04,0.04,0.09,62,-266454,2403720,55731,322185
3,4,8,2,True,2024-12-14T15:00:00Z,0,0,16,90,0,0,1,0,0,0,0,0,0,0,0,8,7.0,26.0,23.0,5.6,1,0.06,0.09,0.15,0.09,79,17625,1129192,65418,47793
4,5,8,0,True,2024-12-14T15:00:00Z,0,0,16,0,0,0,0,0,0,0,0,0,0,0,0,0,0.0,0.0,0.0,0.0,0,0.00,0.00,0.00,0.00,40,-76,3331,0,76
5,6,8,6,True,2024-12-14T15:00:00Z,0,0,16,90,0,0,1,0,0,0,0,0,0,0,0,20,11.0,6.4,14.0,3.1,1,0.00,0.31,0.31,0.09,57,195691,763230,215861,20170
6,7,8,1,True,2024-12-14T15:00:00Z,0,0,16,28,0,0,0,0,0,0,0,0,0,0,0,9,3.6,4.5,0.0,0.8,0,0.00,0.02,0.02,0.00,47,455,26423,1388,933
7,8,8,0,True,2024-12-14T15:00:00Z,0,0,16,0,0,0,0,0,0,0,0,0,0,0,0,0,0.0,0.0,0.0,0.0,0,0.00,0.00,0.00,0.00,48,8702,28525,9785,1083
8,9,8,3,True,2024-12-14T15:00:00Z,0,0,16,73,0,0,1,0,0,0,0,0,0,0,0,5,8.4,28.5,30.0,6.7,1,0.12,0.10,0.22,0.09,67,-19789,282283,12644,32433
9,12,8,1,True,2024-12-14T15:00:00Z,0,0,16,28,0,0,0,0,0,0,0,0,0,0,0,1,0.6,1.4,0.0,0.2,0,0.00,0.01,0.01,0.00,45,362,48746,4712,4350
10,13,8,3,True,2024-12-14T15:00:00Z,0,0,16,61,0,0,1,0,0,0,0,0,0,0,0,4,5.2,10.3,28.0,4.4,1,0.42,0.06,0.48,0.09,83,10359,675042,55270,44911
11,15,8,6,True,2024-12-14T15:00:00Z,0,0,16,90,0,0,1,0,0,0,0,0,0,0,0,21,4.2,0.0,0.0,0.4,1,0.00,0.00,0.00,0.09,56,113869,3355857,157889,44020
12,16,8,3,True,2024-12-14T15:00:00Z,0,0,16,61,0,0,1,0,0,0,0,0,0,0,0,16,12.0,16.8,2.0,3.1,1,0.03,0.06,0.09,0.09,62,3370,282451,10773,7403
13,17,8,3,True,2024-12-14T15:00:00Z,0,0,16,90,0,0,1,0,0,0,0,0,0,0,0,23,22.8,49.2,41.0,11.3,1,0.33,0.56,0.89,0.09,106,224729,4864361,303405,78676
14,18,8,6,True,2024-12-14T15:00:00Z,0,0,16,90,0,0,1,0,0,0,0,0,0,0,0,26,24.4,2.6,6.0,3.3,1,0.00,0.04,0.04,0.09,62,473284,3238078,494228,20944
15,20,8,1,True,2024-12-14T15:00:00Z,0,0,16,21,0,0,0,0,0,0,0,0,0,0,0,12,7.0,2.2,2.0,1.1,0,0.00,0.02,0.02,0.00,50,-116,98275,5379,5495
16,21,8,0,True,2024-12-14T15:00:00Z,0,0,16,0,0,0,0,0,0,0,0,0,0,0,0,0,0.0,0.0,0.0,0.0,0,0.00,0.00,0.00,0.00,43,260,3392,434,174
17,22,8,0,True,2024-12-14T15:00:00Z,0,0,16,0,0,0,0,0,0,0,0,0,0,0,0,0,0.0,0.0,0.0,0.0,0,0.00,0.00,0.00,0.00,48,-53,3830,24,77
18,23,8,1,True,2024-12-14T15:00:00Z,0,0,16,16,0,0,0,0,0,0,0,0,0,0,0,4,6.6,19.2,0.0,2.6,0,0.00,0.17,0.17,0.00,68,-2954,193572,10975,13929
19,24,8,0,True,2024-12-14T15:00:00Z,0,0,16,0,0,0,0,0,0,0,0,0,0,0,0,0,0.0,0.0,0.0,0.0,0,0.00,0.00,0.00,0.00,61,-13911,275088,168,14079
20,25,8,0,True,2024-12-14T15:00:00Z,0,0,16,0,0,0,0,0,0,0,0,0,0,0,0,0,0.0,0.0,0.0,0.0,0,0.00,0.00,0.00,0.00,48,-5042,107660,1164,6206
21,73,8,0,True,2024-12-14T15:00:00Z,0,0,16,0,0,0,0,0,0,0,0,0,0,0,0,0,0.0,0.0,0.0,0.0,0,0.00,0.00,0.00,0.00,42,-2999,97192,502,3501
22,186,8,0,True,2024-12-14T15:00:00Z,0,0,16,0,0,0,0,0,0,0,0,0,0,0,0,0,0.0,0.0,0.0,0.0,0,0.00,0.00,0.00,0.00,67,-1004,97466,393,1397
23,578,8,0,True,2024-12-14T15:00:00Z,0,0,16,0,0,0,0,0,0,0,0,0,0,0,0,0,0.0,0.0,0.0,0.0,0,0.00,0.00,0.00,0.00,58,-12334,140492,387,12721
24,597,8,3,True,2024-12-14T15:00:00Z,0,0,16,68,0,0,1,0,0,0,0,0,0,0,0,15,8.4,15.8,0.0,2.4,1,0.00,0.06,0.06,0.09,45,153,6237,424,271
25,633,8,3,True,2024-12-14T15:00:00Z,0,0,16,68,0,0,1,0,0,0,0,0,0,0,0,12,14.6,27.7,41.0,8.3,1,0.11,0.17,0.28,0.09,60,-436,7162,464,900
26,638,8,0,True,2024-12-14T15:00:00Z,0,0,16,0,0,0,0,0,0,0,0,0,0,0,0,0,0.0,0.0,0.0,0.0,0,0.00,0.00,0.00,0.00,45,-8,1433,43,51
27,639,8,0,True,2024-12-14T15:00:00Z,0,0,16,0,0,0,0,0,0,0,0,0,0,0,0,0,0.0,0.0,0.0,0.0,0,0.00,0.00,0.00,0.00,45,-36,4320,147,183
28,657,8,0,True,2024-12-14T15:00:00Z,0,0,16,0,0,0,0,0,0,0,0,0,0,0,0,0,0.0,0.0,0.0,0.0,0,0.00,0.00,0.00,0.00,40,-46,6941,330,376
29,658,8,0,True,2024-12-14T15:00:00Z,0,0,16,0,0,0,0,0,0,0,0,0,0,0,0,0,0.0,0.0,0.0,0.0,0,0.00,0.00,0.00,0.00,40,-56,5354,214,270
30,659,8,0,True,2024-12-14T15:00:00Z,0,0,16,0,0,0,0,0,0,0,0,0,0,0,0,0,0.0,0.0,0.0,0.0,0,0.00,0.00,0.00,0.00,45,-30,1474,81,111
31,662,8,0,True,2024-12-14T15:00:00Z,0,0,16,0,0,0,0,0,0,0,0,0,0,0,0,0,0.0,0.0,0.0,0.0,0,0.00,0.00,0.00,0.00,40,20,3874,221,201
32,665,8,0,True,2024-12-14T15:00:00Z,0,0,16,0,0,0,0,0,0,0,0,0,0,0,0,0,0.0,0.0,0.0,0.0,0,0.00,0.00,0.00,0.00,45,-122,23421,2086,2208
33,28,16,0,False,2024-12-14T17:30:00Z,2,1,16,0,0,0,0,0,0,0,0,0,0,0,0,0,0.0,0.0,0.0,0.0,0,0.00,0.00,0.00,0.00,62,-12301,91933,380,12681
34,29,16,1,False,2024-12-14T17:30:00Z,2,1,16,1,0,0,0,1,0,0,0,0,0,0,0,2,0.8,1.1,0.0,0.2,0,0.00,0.01,0.01,0.24,52,-492,33461,1001,1493
35,30,16,0,False,2024-12-14T17:30:00Z,2,1,16,0,0,0,0,0,0,0,0,0,0,0,0,0,0.0,0.0,0.0,0.0,0,0.00,0.00,0.00,0.00,49,-24,2116,0,24
36,31,16,0,False,2024-12-14T17:30:00Z,2,1,16,0,0,0,0,0,0,0,0,0,0,0,0,0,0.0,0.0,0.0,0.0,0,0.00,0.00,0.00,0.00,52,-277,8496,88,365
37,32,16,1,False,2024-12-14T17:30:00Z,2,1,16,90,0,0,0,2,0,0,0,0,0,0,0,-3,11.2,13.2,33.0,5.7,1,0.03,0.42,0.45,1.78,44,-10705,156778,6026,16731
38,33,16,0,False,2024-12-14T17:30:00Z,2,1,16,0,0,0,0,0,0,0,0,0,0,0,0,0,0.0,0.0,0.0,0.0,0,0.00,0.00,0.00,0.00,45,-810,25143,0,810
39,34,16,0,False,2024-12-14T17:30:00Z,2,1,16,0,0,0,0,0,0,0,0,0,0,0,0,0,0.0,0.0,0.0,0.0,0,0.00,0.00,0.00,0.00,65,-11,1727,0,11
40,35,16,1,False,2024-12-14T17:30:00Z,2,1,16,90,0,0,0,2,0,0,0,0,0,0,0,9,25.6,0.8,0.0,2.6,1,0.00,0.02,0.02,1.78,45,2388,54846,4071,1683
41,36,16,2,False,2024-12-14T17:30:00Z,2,1,16,90,0,0,0,1,0,0,0,0,0,0,0,5,4.8,4.5,2.0,1.1,1,0.00,0.04,0.04,1.54,47,-86154,1036856,18379,104533
42,37,16,0,False,2024-12-14T17:30:00Z,2,1,16,0,0,0,0,0,0,0,0,0,0,0,0,0,0.0,0.0,0.0,0.0,0,0.00,0.00,0.00,0.00,50,-3,209,0,3
43,38,16,5,False,2024-12-14T17:30:00Z,2,1,16,73,1,0,1,0,0,0,0,1,0,0,0,21,23.2,2.7,30.0,5.6,1,0.08,0.01,0.09,0.98,58,19740,309812,31939,12199
44,39,16,0,False,2024-12-14T17:30:00Z,2,1,16,0,0,0,0,0,0,0,0,0,0,0,0,0,0.0,0.0,0.0,0.0,0,0.00,0.00,0.00,0.00,40,-1237,86321,440,1677
45,40,16,0,False,2024-12-14T17:30:00Z,2,1,16,0,0,0,0,0,0,0,0,0,0,0,0,0,0.0,0.0,0.0,0.0,0,0.00,0.00,0.00,0.00,40,-844,57852,540,1384
46,41,16,0,False,2024-12-14T17:30:00Z,2,1,16,0,0,0,0,0,0,0,0,0,0,0,0,0,0.0,0.0,0.0,0.0,0,0.00,0.00,0.00,0.00,54,-18,2365,0,18
47,42,16,2,False,2024-12-14T17:30:00Z,2,1,16,90,0,0,0,1,0,0,0,0,0,0,0,16,16.2,6.3,0.0,2.3,1,0.00,0.02,0.02,1.54,50,99,2300,365,266
48,43,16,0,False,2024-12-14T17:30:00Z,2,1,16,0,0,0,0,0,0,0,0,0,0,0,0,0,0.0,0.0,0.0,0.0,0,0.00,0.00,0.00,0.00,40,-24,1023,0,24
49,44,16,1,False,2024-12-14T17:30:00Z,2,1,16,90,0,0,0,2,0,0,0,0,0,0,0,8,14.4,1.8,14.0,3.0,1,0.24,0.01,0.25,1.78,44,6470,869196,29717,23247
50,45,16,1,False,2024-12-14T17:30:00Z,2,1,16,1,0,0,0,1,0,0,0,0,0,0,0,-1,0.2,0.6,0.0,0.1,0,0.00,0.00,0.00,0.24,46,-3226,155541,1559,4785
51,46,16,0,False,2024-12-14T17:30:00Z,2,1,16,0,0,0,0,0,0,0,0,0,0,0,0,0,0.0,0.0,0.0,0.0,0,0.00,0.00,0.00,0.00,40,-2,99,0,2
52,47,16,2,False,2024-12-14T17:30:00Z,2,1,16,90,0,0,0,2,0,0,0,0,0,4,0,11,32.6,0.0,0.0,3.3,1,0.00,0.00,0.00,1.78,50,306,1333079,42199,41893
53,48,16,6,False,2024-12-14T17:30:00Z,2,1,16,90,0,1,0,2,0,0,0,0,0,0,1,27,32.4,58.5,14.0,10.5,1,0.05,0.37,0.42,1.78,52,-824,86713,3048,3872
54,49,16,0,False,2024-12-14T17:30:00Z,2,1,16,0,0,0,0,0,0,0,0,0,0,0,0,0,0.0,0.0,0.0,0.0,0,0.00,0.00,0.00,0.00,44,-634,10612,691,1325
55,50,16,0,False,2024-12-14T17:30:00Z,2,1,16,0,0,0,0,0,0,0,0,0,0,0,0,0,0.0,0.0,0.0,0.0,0,0.00,0.00,0.00,0.00,40,-3853,97949,482,4335
56,51,16,0,False,2024-12-14T17:30:00Z,2,1,16,0,0,0,0,0,0,0,0,0,0,0,0,0,0.0,0.0,0.0,0.0,0,0.00,0.00,0.00,0.00,45,-476,13002,340,816
57,52,16,1,False,2024-12-14T17:30:00Z,2,1,16,90,0,0,0,2,0,0,0,0,0,0,0,8,17.6,3.3,0.0,2.1,1,0.00,0.02,0.02,1.78,44,-2588,161452,3924,6512
58,53,16,0,False,2024-12-14T17:30:00Z,2,1,16,0,0,0,0,0,0,0,0,0,0,0,0,0,0.0,0.0,0.0,0.0,0,0.00,0.00,0.00,0.00,54,-1176,23797,57,1233
59,54,16,2,False,2024-12-14T17:30:00Z,2,1,16,90,0,0,0,2,0,0,0,0,0,0,0,7,4.8,12.9,17.0,3.5,1,0.02,0.06,0.08,1.78,54,-108680,2312518,54654,163334
60,55,16,0,False,2024-12-14T17:30:00Z,2,1,16,0,0,0,0,0,0,0,0,0,0,0,0,0,0.0,0.0,0.0,0.0,0,0.00,0.00,0.00,0.00,40,0,91,0,0
61,56,16,0,False,2024-12-14T17:30:00Z,2,1,16,0,0,0,0,0,0,0,0,0,0,0,0,0,0.0,0.0,0.0,0.0,0,0.00,0.00,0.00,0.00,40,-158,6820,0,158
62,57,16,3,False,2024-12-14T17:30:00Z,2,1,16,73,0,0,1,0,0,0,0,0,0,0,0,11,10.8,17.4,0.0,2.8,1,0.00,0.13,0.13,0.98,55,-9388,125988,2387,11775
63,58,16,1,False,2024-12-14T17:30:00Z,2,1,16,16,0,0,0,2,0,0,0,0,0,0,0,3,0.4,2.4,2.0,0.5,0,0.00,0.01,0.01,0.80,90,-513333,2104430,17075,530408
64,233,16,1,False,2024-12-14T17:30:00Z,2,1,16,16,0,0,0,2,0,0,0,0,0,0,0,3,4.0,0.9,0.0,0.5,0,0.00,0.00,0.00,0.80,49,-14943,323940,1851,16794
65,569,16,0,False,2024-12-14T17:30:00Z,2,1,16,0,0,0,0,0,0,0,0,0,0,0,0,0,0.0,0.0,0.0,0.0,0,0.00,0.00,0.00,0.00,53,-57,4920,190,247
66,598,16,0,False,2024-12-14T17:30:00Z,2,1,16,0,0,0,0,0,0,0,0,0,0,0,0,0,0.0,0.0,0.0,0.0,0,0.00,0.00,0.00,0.00,40,-912,31906,364,1276
67,640,16,0,False,2024-12-14T17:30:00Z,2,1,16,0,0,0,0,0,0,0,0,0,0,0,0,0,0.0,0.0,0.0,0.0,0,0.00,0.00,0.00,0.00,40,-92,7909,170,262
68,641,16,0,False,2024-12-14T17:30:00Z,2,1,16,0,0,0,0,0,0,0,0,0,0,0,0,0,0.0,0.0,0.0,0.0,0,0.00,0.00,0.00,0.00,40,-1459,74296,361,1820
69,656,16,0,False,2024-12-14T17:30:00Z,2,1,16,0,0,0,0,0,0,0,0,0,0,0,0,0,0.0,0.0,0.0,0.0,0,0.00,0.00,0.00,0.00,45,-126,26400,1818,1944
70,679,16,0,False,2024-12-14T17:30:00Z,2,1,16,0,0,0,0,0,0,0,0,0,0,0,0,0,0.0,0.0,0.0,0.0,0,0.00,0.00,0.00,0.00,45,27,496,120,93
71,59,19,0,True,2024-12-16T20:00:00Z,1,1,16,0,0,0,0,0,0,0,0,0,0,0,0,0,0.0,0.0,0.0,0.0,0,0.00,0.00,0.00,0.00,43,-125,18623,464,589
72,60,19,1,True,2024-12-16T20:00:00Z,1,1,16,22,0,0,0,1,0,0,0,0,0,0,0,-2,0.2,2.1,4.0,0.6,0,0.04,0.01,0.05,1.15,49,-4,2377,306,310
73,61,19,0,True,2024-12-16T20:00:00Z,1,1,16,0,0,0,0,0,0,0,0,0,0,0,0,0,0.0,0.0,0.0,0.0,0,0.00,0.00,0.00,0.00,45,-419,13205,0,419
74,62,19,1,True,2024-12-16T20:00:00Z,1,1,16,22,0,0,0,1,0,0,0,0,0,0,0,0,0.0,1.3,8.0,0.3,0,0.07,0.01,0.08,1.15,49,424,2745,621,197
75,63,19,3,True,2024-12-16T20:00:00Z,1,1,16,90,0,0,0,1,0,0,0,0,0,0,1,29,35.0,69.1,43.0,14.7,1,0.25,0.38,0.63,2.18,49,-312,14535,452,764
76,64,19,2,True,2024-12-16T20:00:00Z,1,1,16,90,0,0,0,1,0,0,0,0,0,0,0,14,21.0,29.3,0.0,5.0,1,0.00,0.05,0.05,2.18,50,-1372,22055,783,2155
77,65,19,8,True,2024-12-16T20:00:00Z,1,1,16,10,1,0,0,1,0,0,0,0,0,0,3,30,33.0,0.0,9.0,4.2,0,0.09,0.00,0.09,0.93,54,3986,10737,4818,832
78,66,19,0,True,2024-12-16T20:00:00Z,1,1,16,0,0,0,0,0,0,0,0,0,0,0,0,0,0.0,0.0,0.0,0.0,0,0.00,0.00,0.00,0.00,50,-4,616,0,4
79,67,19,0,True,2024-12-16T20:00:00Z,1,1,16,0,0,0,0,0,0,0,0,0,0,0,0,0,0.0,0.0,0.0,0.0,0,0.00,0.00,0.00,0.00,45,-173,6048,0,173
80,68,19,0,True,2024-12-16T20:00:00Z,1,1,16,0,0,0,0,0,0,0,0,0,0,0,0,0,0.0,0.0,0.0,0.0,0,0.00,0.00,0.00,0.00,39,5416,47206,6964,1548
81,69,19,0,True,2024-12-16T20:00:00Z,1,1,16,0,0,0,0,0,0,0,0,0,0,0,0,0,0.0,0.0,0.0,0.0,0,0.00,0.00,0.00,0.00,45,-4470,113128,0,4470
82,70,19,2,True,2024-12-16T20:00:00Z,1,1,16,90,0,0,0,1,0,0,0,0,0,0,0,11,18.4,29.2,9.0,5.7,1,0.03,0.03,0.06,2.18,46,137410,633629,153269,15859
83,71,19,3,True,2024-12-16T20:00:00Z,1,1,16,79,0,0,1,0,0,0,0,0,0,0,0,7,5.8,3.4,14.0,2.3,1,0.10,0.03,0.13,1.25,55,42557,514472,95025,52468
84,72,19,0,True,2024-12-16T20:00:00Z,1,1,16,0,0,0,0,0,0,0,0,0,0,0,0,0,0.0,0.0,0.0,0.0,0,0.00,0.00,0.00,0.00,44,-48,3103,0,48
85,74,19,2,True,2024-12-16T20:00:00Z,1,1,16,90,0,0,0,1,0,0,0,0,0,0,0,12,39.8,40.4,63.0,14.3,1,0.38,0.15,0.53,2.18,50,2078,5129,2343,265
86,75,19,0,True,2024-12-16T20:00:00Z,1,1,16,0,0,0,0,0,0,0,0,0,0,0,0,0,0.0,0.0,0.0,0.0,0,0.00,0.00,0.00,0.00,40,-56,2685,0,56
87,76,19,1,True,2024-12-16T20:00:00Z,1,1,16,10,0,0,0,1,0,0,0,0,0,0,0,5,5.4,20.5,7.0,3.3,0,0.31,0.03,0.34,0.93,48,-30,5245,190,220
88,77,19,0,True,2024-12-16T20:00:00Z,1,1,16,0,0,0,0,0,0,0,0,0,0,0,0,0,0.0,0.0,0.0,0.0,0,0.00,0.00,0.00,0.00,47,-75,3262,21,96
89,78,19,3,True,2024-12-16T20:00:00Z,1,1,16,67,0,0,1,0,0,0,0,0,0,0,0,8,8.8,12.9,56.0,7.8,1,0.39,0.06,0.45,1.03,57,-23503,748265,43722,67225
90,79,19,0,True,2024-12-16T20:00:00Z,1,1,16,0,0,0,0,0,0,0,0,0,0,0,0,0,0.0,0.0,0.0,0.0,0,0.00,0.00,0.00,0.00,48,-13877,51121,41,13918
91,80,19,0,True,2024-12-16T20:00:00Z,1,1,16,0,0,0,0,0,0,0,0,0,0,0,0,0,0.0,0.0,0.0,0.0,0,0.00,0.00,0.00,0.00,49,-837,15149,21,858
92,81,19,6,True,2024-12-16T20:00:00Z,1,1,16,67,0,0,1,0,0,0,0,0,0,0,0,18,4.8,1.7,2.0,0.9,1,0.00,0.00,0.00,1.03,45,479,24425,1819,1340
93,83,19,0,True,2024-12-16T20:00:00Z,1,1,16,0,0,0,0,0,0,0,0,0,0,0,0,0,0.0,0.0,0.0,0.0,0,0.00,0.00,0.00,0.00,55,-9882,35916,1973,11855
94,84,19,0,True,2024-12-16T20:00:00Z,1,1,16,0,0,0,0,0,0,0,0,0,0,0,0,0,0.0,0.0,0.0,0.0,0,0.00,0.00,0.00,0.00,44,-377,16674,423,800
95,85,19,2,True,2024-12-16T20:00:00Z,1,1,16,90,0,0,0,1,0,0,0,0,0,0,0,10,19.8,0.9,7.0,2.8,1,0.12,0.00,0.12,2.18,44,5932,47467,7812,1880
96,152,19,2,True,2024-12-16T20:00:00Z,1,1,16,90,0,0,0,1,0,0,0,0,0,2,0,12,20.4,0.0,0.0,2.0,1,0.00,0.00,0.00,2.18,45,15654,109112,21209,5555
97,580,19,2,True,2024-12-16T20:00:00Z,1,1,16,90,0,0,0,1,0,0,0,0,0,0,0,11,23.6,13.8,2.0,3.9,1,0.00,0.01,0.01,2.18,43,37382,71624,40226,2844
98,592,19,0,True,2024-12-16T20:00:00Z,1,1,16,0,0,0,0,0,0,0,0,0,0,0,0,0,0.0,0.0,0.0,0.0,0,0.00,0.00,0.00,0.00,43,-690,16205,21,711
99,599,19,0,True,2024-12-16T20:00:00Z,1,1,16,0,0,0,0,0,0,0,0,0,0,0,0,0,0.0,0.0,0.0,0.0,0,0.00,0.00,0.00,0.00,40,-560,40555,361,921
100,617,19,2,True,2024-12-16T20:00:00Z,1,1,16,79,0,0,1,0,0,0,0,0,0,0,0,13,7.4,32.7,46.0,8.6,1,0.13,0.31,0.44,1.25,61,-1149,505756,51426,52575
101,680,19,0,True,2024-12-16T20:00:00Z,1,1,16,0,0,0,0,0,0,0,0,0,0,0,0,0,0.0,0.0,0.0,0.0,0,0.00,0.00,0.00,0.00,40,283,1401,427,144
102,86,6,1,False,2024-12-15T19:00:00Z,2,1,16,14,0,0,0,1,0,0,0,0,0,0,0,4,4.4,14.3,2.0,2.1,0,0.00,0.19,0.19,0.20,44,-192,22297,323,515
103,87,6,0,False,2024-12-15T19:00:00Z,2,1,16,0,0,0,0,0,0,0,0,0,0,0,0,0,0.0,0.0,0.0,0.0,0,0.00,0.00,0.00,0.00,45,-166,8261,145,311
104,88,6,1,False,2024-12-15T19:00:00Z,2,1,16,90,0,0,0,2,0,0,0,0,0,0,0,9,14.4,13.8,2.0,3.0,1,0.00,0.22,0.22,2.23,45,7780,267420,24620,16840
105,89,6,2,False,2024-12-15T19:00:00Z,2,1,16,62,0,0,0,1,0,0,0,0,0,0,0,5,8.6,3.3,5.0,1.7,1,0.15,0.01,0.16,1.87,50,-9756,147611,14311,24067
106,90,6,0,False,2024-12-15T19:00:00Z,2,1,16,0,0,0,0,0,0,0,0,0,0,0,0,0,0.0,0.0,0.0,0.0,0,0.00,0.00,0.00,0.00,48,-5,446,7,12
107,91,6,3,False,2024-12-15T19:00:00Z,2,1,16,90,0,0,0,2,0,0,0,0,0,6,0,13,42.4,0.0,0.0,4.2,1,0.00,0.00,0.00,2.23,45,-33541,1250004,23808,57349
108,92,6,0,False,2024-12-15T19:00:00Z,2,1,16,0,0,0,0,0,0,0,0,0,0,0,0,0,0.0,0.0,0.0,0.0,0,0.00,0.00,0.00,0.00,43,-79,2962,12,91
109,93,6,0,False,2024-12-15T19:00:00Z,2,1,16,0,0,0,0,0,0,0,0,0,0,0,0,0,0.0,0.0,0.0,0.0,0,0.00,0.00,0.00,0.00,43,-11,1361,20,31
110,94,6,0,False,2024-12-15T19:00:00Z,2,1,16,27,0,0,0,1,0,0,0,1,0,0,0,4,2.4,14.0,7.0,2.3,0,0.08,0.50,0.58,0.36,49,-17131,50625,242,17373
111,95,6,0,False,2024-12-15T19:00:00Z,2,1,16,0,0,0,0,0,0,0,0,0,0,0,0,0,0.0,0.0,0.0,0.0,0,0.00,0.00,0.00,0.00,53,-329,6737,22,351
112,96,6,0,False,2024-12-15T19:00:00Z,2,1,16,0,0,0,0,0,0,0,0,0,0,0,0,0,0.0,0.0,0.0,0.0,0,0.00,0.00,0.00,0.00,39,73,45250,1915,1842
113,97,6,0,False,2024-12-15T19:00:00Z,2,1,16,0,0,0,0,0,0,0,0,0,0,0,0,0,0.0,0.0,0.0,0.0,0,0.00,0.00,0.00,0.00,45,-235,7307,116,351
114,98,6,2,False,2024-12-15T19:00:00Z,2,1,16,85,0,0,0,2,0,0,0,0,0,0,0,11,15.8,1.1,7.0,2.4,1,0.03,0.00,0.03,2.09,50,-1025,9423,189,1214
115,99,6,9,False,2024-12-15T19:00:00Z,2,1,16,90,1,0,0,2,0,0,0,0,0,0,2,27,47.4,15.4,42.0,10.5,1,0.53,0.07,0.60,2.23,76,-156097,3025833,121374,277471
116,100,6,0,False,2024-12-15T19:00:00Z,2,1,16,0,0,0,0,0,0,0,0,0,0,0,0,0,0.0,0.0,0.0,0.0,0,0.00,0.00,0.00,0.00,42,-625,43863,1086,1711
117,101,6,2,False,2024-12-15T19:00:00Z,2,1,16,90,0,0,0,2,0,0,0,0,0,0,0,13,14.4,2.7,21.0,3.8,1,0.32,0.02,0.34,2.23,48,1510,19507,2915,1405
118,102,6,0,False,2024-12-15T19:00:00Z,2,1,16,0,0,0,0,0,0,0,0,0,0,0,0,0,0.0,0.0,0.0,0.0,0,0.00,0.00,0.00,0.00,49,-15,1564,0,15
119,103,6,0,False,2024-12-15T19:00:00Z,2,1,16,0,0,0,0,0,0,0,0,0,0,0,0,0,0.0,0.0,0.0,0.0,0,0.00,0.00,0.00,0.00,45,-39,1857,0,39
120,104,6,1,False,2024-12-15T19:00:00Z,2,1,16,90,0,0,0,2,0,0,0,0,0,0,0,11,26.2,0.3,4.0,3.1,1,0.00,0.02,0.02,2.23,45,-12999,103588,1738,14737
121,105,6,2,False,2024-12-15T19:00:00Z,2,1,16,75,0,0,0,1,0,0,0,0,0,0,0,6,17.4,25.0,2.0,4.4,1,0.00,0.20,0.20,2.03,43,-311,8836,135,446
122,106,6,3,False,2024-12-15T19:00:00Z,2,1,16,14,0,1,0,1,0,0,0,1,0,0,0,13,16.8,13.8,7.0,3.8,0,0.04,0.16,0.20,0.20,51,25889,79148,35567,9678
123,107,6,0,False,2024-12-15T19:00:00Z,2,1,16,0,0,0,0,0,0,0,0,0,0,0,0,0,0.0,0.0,0.0,0.0,0,0.00,0.00,0.00,0.00,59,174,3509,514,340
124,108,6,0,False,2024-12-15T19:00:00Z,2,1,16,0,0,0,0,0,0,0,0,0,0,0,0,0,0.0,0.0,0.0,0.0,0,0.00,0.00,0.00,0.00,73,-1039,134559,0,1039
125,109,6,0,False,2024-12-15T19:00:00Z,2,1,16,0,0,0,0,0,0,0,0,0,0,0,0,0,0.0,0.0,0.0,0.0,0,0.00,0.00,0.00,0.00,39,365,307512,6416,6051
126,110,6,2,False,2024-12-15T19:00:00Z,2,1,16,75,0,0,0,1,0,0,0,0,0,0,0,7,2.6,1.8,4.0,0.8,1,0.00,0.01,0.01,2.03,62,40634,1108600,130103,89469
127,111,6,2,False,2024-12-15T19:00:00Z,2,1,16,74,0,0,0,1,0,0,0,0,0,0,0,16,10.0,2.4,0.0,1.2,1,0.00,0.01,0.01,2.03,44,8375,377500,31986,23611
128,112,6,0,False,2024-12-15T19:00:00Z,2,1,16,0,0,0,0,0,0,0,0,0,0,0,0,0,0.0,0.0,0.0,0.0,0,0.00,0.00,0.00,0.00,45,-20,1323,0,20
129,314,6,1,False,2024-12-15T19:00:00Z,2,1,16,15,0,0,0,1,0,0,0,0,0,0,0,-2,0.0,0.5,9.0,0.7,0,0.48,0.01,0.49,0.20,47,-3517,75670,3022,6539
130,338,6,1,False,2024-12-15T19:00:00Z,2,1,16,90,0,0,0,2,0,0,0,0,0,0,0,7,36.4,0.4,0.0,3.7,1,0.00,0.00,0.00,2.23,41,-786,400271,19196,19982
131,602,6,0,False,2024-12-15T19:00:00Z,2,1,16,0,0,0,0,0,0,0,0,0,0,0,0,0,0.0,0.0,0.0,0.0,0,0.00,0.00,0.00,0.00,45,-87,5127,63,150
132,634,6,0,False,2024-12-15T19:00:00Z,2,1,16,0,0,0,0,0,0,0,0,0,0,0,0,0,0.0,0.0,0.0,0.0,0,0.00,0.00,0.00,0.00,49,0,273,13,13
133,649,6,1,False,2024-12-15T19:00:00Z,2,1,16,4,0,0,0,0,0,0,0,0,0,0,0,3,0.2,0.3,0.0,0.1,0,0.00,0.00,0.00,0.14,40,-29,4819,200,229
134,661,6,0,False,2024-12-15T19:00:00Z,2,1,16,0,0,0,0,0,0,0,0,0,0,0,0,0,0.0,0.0,0.0,0.0,0,0.00,0.00,0.00,0.00,45,-4,1491,86,90
135,674,6,0,False,2024-12-15T19:00:00Z,2,1,16,0,0,0,0,0,0,0,0,0,0,0,0,0,0.0,0.0,0.0,0.0,0,0.00,0.00,0.00,0.00,45,46,514,111,65
136,113,7,1,True,2024-12-15T14:00:00Z,1,3,16,18,0,0,0,1,0,0,0,0,0,0,0,4,2.2,4.7,2.0,0.9,0,0.00,0.11,0.11,1.01,52,-1202,38760,844,2046
137,114,7,0,True,2024-12-15T14:00:00Z,1,3,16,0,0,0,0,0,0,0,0,0,0,0,0,0,0.0,0.0,0.0,0.0,0,0.00,0.00,0.00,0.00,45,-8,248,0,8
138,115,7,2,True,2024-12-15T14:00:00Z,1,3,16,87,0,0,0,3,0,0,0,0,0,0,0,21,13.4,13.3,3.0,3.0,1,0.05,0.01,0.06,1.92,50,-635,21923,1587,2222
139,116,7,0,True,2024-12-15T14:00:00Z,1,3,16,0,0,0,0,0,0,0,0,0,0,0,0,0,0.0,0.0,0.0,0.0,0,0.00,0.00,0.00,0.00,40,-13934,323942,0,13934
140,118,7,0,True,2024-12-15T14:00:00Z,1,3,16,0,0,0,0,0,0,0,0,0,0,0,0,0,0.0,0.0,0.0,0.0,0,0.00,0.00,0.00,0.00,45,-100,3255,0,100
141,119,7,0,True,2024-12-15T14:00:00Z,1,3,16,0,0,0,0,0,0,0,0,0,0,0,0,0,0.0,0.0,0.0,0.0,0,0.00,0.00,0.00,0.00,49,-11,1204,0,11
142,120,7,0,True,2024-12-15T14:00:00Z,1,3,16,90,0,0,0,3,0,0,0,1,0,0,0,-1,26.8,2.9,25.0,5.5,1,0.21,0.02,0.23,2.31,44,2187,438055,12697,10510
143,121,7,1,True,2024-12-15T14:00:00Z,1,3,16,45,0,0,0,1,0,0,0,0,0,0,0,16,16.0,14.2,33.0,6.3,0,0.17,0.04,0.21,1.05,54,-166,7701,294,460
144,122,7,1,True,2024-12-15T14:00:00Z,1,3,16,90,0,0,0,3,0,0,0,0,0,0,0,7,15.2,27.8,1.0,4.4,1,0.02,0.20,0.22,2.31,51,36478,235145,45080,8602
145,123,7,1,True,2024-12-15T14:00:00Z,1,3,16,18,0,0,0,1,0,0,0,0,0,0,0,3,2.0,10.8,4.0,1.7,0,0.00,0.09,0.09,1.01,55,382,33790,2665,2283
146,124,7,0,True,2024-12-15T14:00:00Z,1,3,16,0,0,0,0,0,0,0,0,0,0,0,0,0,0.0,0.0,0.0,0.0,0,0.00,0.00,0.00,0.00,50,-40,4067,0,40
147,125,7,0,True,2024-12-15T14:00:00Z,1,3,16,0,0,0,0,0,0,0,0,0,0,0,0,0,0.0,0.0,0.0,0.0,0,0.00,0.00,0.00,0.00,65,-18,2646,0,18
148,126,7,0,True,2024-12-15T14:00:00Z,1,3,16,0,0,0,0,0,0,0,0,0,0,0,0,0,0.0,0.0,0.0,0.0,0,0.00,0.00,0.00,0.00,50,-701,6968,15,716
149,127,7,0,True,2024-12-15T14:00:00Z,1,3,16,0,0,0,0,0,0,0,0,0,0,0,0,0,0.0,0.0,0.0,0.0,0,0.00,0.00,0.00,0.00,50,-2,399,0,2
150,128,7,0,True,2024-12-15T14:00:00Z,1,3,16,0,0,0,0,0,0,0,0,0,0,0,0,0,0.0,0.0,0.0,0.0,0,0.00,0.00,0.00,0.00,44,-613,15276,478,1091
151,129,7,2,True,2024-12-15T14:00:00Z,1,3,16,90,0,0,0,3,0,0,0,0,0,0,0,13,6.6,39.1,18.0,6.4,1,0.10,0.18,0.28,2.31,59,82913,2443963,166776,83863
152,130,7,0,True,2024-12-15T14:00:00Z,1,3,16,0,0,0,0,0,0,0,0,0,0,0,0,0,0.0,0.0,0.0,0.0,0,0.00,0.00,0.00,0.00,45,-2,63,0,2
153,131,7,0,True,2024-12-15T14:00:00Z,1,3,16,45,0,0,0,2,0,0,0,0,0,0,0,-6,0.4,0.9,1.0,0.2,1,0.08,0.01,0.09,1.25,44,32617,57833,33806,1189
154,132,7,0,True,2024-12-15T14:00:00Z,1,3,16,0,0,0,0,0,0,0,0,0,0,0,0,0,0.0,0.0,0.0,0.0,0,0.00,0.00,0.00,0.00,65,18,713,71,53
155,133,7,0,True,2024-12-15T14:00:00Z,1,3,16,0,0,0,0,0,0,0,0,0,0,0,0,0,0.0,0.0,0.0,0.0,0,0.00,0.00,0.00,0.00,45,-38,1455,0,38
156,134,7,0,True,2024-12-15T14:00:00Z,1,3,16,0,0,0,0,0,0,0,0,0,0,0,0,0,0.0,0.0,0.0,0.0,0,0.00,0.00,0.00,0.00,50,-58,4580,14,72
157,135,7,2,True,2024-12-15T14:00:00Z,1,3,16,71,0,0,0,2,0,0,0,0,0,0,0,7,6.2,3.3,6.0,1.6,1,0.00,0.08,0.08,1.30,51,786,47570,2472,1686
158,136,7,2,True,2024-12-15T14:00:00Z,1,3,16,90,0,0,0,3,0,0,0,0,0,0,0,20,18.6,46.8,41.0,10.6,1,0.17,0.15,0.32,2.31,66,-1588,1018966,71941,73529
159,137,7,0,True,2024-12-15T14:00:00Z,1,3,16,0,0,0,0,0,0,0,0,0,0,0,0,0,0.0,0.0,0.0,0.0,0,0.00,0.00,0.00,0.00,44,-4435,91727,1532,5967
160,138,7,0,True,2024-12-15T14:00:00Z,1,3,16,0,0,0,0,0,0,0,0,0,0,0,0,0,0.0,0.0,0.0,0.0,0,0.00,0.00,0.00,0.00,45,-692,27458,0,692
161,139,7,0,True,2024-12-15T14:00:00Z,1,3,16,0,0,0,0,0,0,0,0,0,0,0,0,0,0.0,0.0,0.0,0.0,0,0.00,0.00,0.00,0.00,40,-143,7079,0,143
162,140,7,0,True,2024-12-15T14:00:00Z,1,3,16,0,0,0,0,0,0,0,0,0,0,0,0,0,0.0,0.0,0.0,0.0,0,0.00,0.00,0.00,0.00,44,200,7256,680,480
163,141,7,0,True,2024-12-15T14:00:00Z,1,3,16,0,0,0,0,0,0,0,0,0,0,0,0,0,0.0,0.0,0.0,0.0,0,0.00,0.00,0.00,0.00,49,-10,1155,0,10
164,142,7,0,True,2024-12-15T14:00:00Z,1,3,16,0,0,0,0,0,0,0,0,0,0,0,0,0,0.0,0.0,0.0,0.0,0,0.00,0.00,0.00,0.00,42,-3407,120472,819,4226
165,143,7,0,True,2024-12-15T14:00:00Z,1,3,16,0,0,0,0,0,0,0,0,0,0,0,0,0,0.0,0.0,0.0,0.0,0,0.00,0.00,0.00,0.00,55,-8,513,0,8
166,144,7,1,True,2024-12-15T14:00:00Z,1,3,16,90,0,0,0,3,0,0,0,0,0,0,0,1,21.2,14.0,4.0,3.9,1,0.00,0.05,0.05,2.31,45,3049,121427,8686,5637
167,145,7,0,True,2024-12-15T14:00:00Z,1,3,16,0,0,0,0,0,0,0,0,0,0,0,0,0,0.0,0.0,0.0,0.0,0,0.00,0.00,0.00,0.00,45,-54957,279376,455,55412
168,146,7,1,True,2024-12-15T14:00:00Z,1,3,16,90,0,0,0,3,0,0,0,0,0,2,0,2,21.6,0.0,0.0,2.2,1,0.00,0.00,0.00,2.31,45,15383,351907,26265,10882
169,147,7,0,True,2024-12-15T14:00:00Z,1,3,16,0,0,0,0,0,0,0,0,0,0,0,0,0,0.0,0.0,0.0,0.0,0,0.00,0.00,0.00,0.00,43,-127,6517,16,143
170,148,7,0,True,2024-12-15T14:00:00Z,1,3,16,0,0,0,0,0,0,0,0,0,0,0,0,0,0.0,0.0,0.0,0.0,0,0.00,0.00,0.00,0.00,58,-199287,1655872,30854,230141
171,149,7,1,True,2024-12-15T14:00:00Z,1,3,16,2,0,0,0,0,0,0,0,0,0,0,0,5,3.4,1.2,0.0,0.5,0,0.00,0.01,0.01,0.39,47,583,7650,888,305
172,595,7,1,True,2024-12-15T14:00:00Z,1,3,16,18,0,0,0,1,0,0,0,0,0,0,0,3,1.6,1.3,6.0,0.9,0,0.05,0.05,0.10,1.01,54,-20,2378,62,82
173,600,7,2,True,2024-12-15T14:00:00Z,1,3,16,71,0,0,0,2,0,0,0,0,0,0,0,18,9.2,30.6,8.0,4.8,1,0.13,0.18,0.31,1.30,50,-19,3728,223,242
174,601,7,0,True,2024-12-15T14:00:00Z,1,3,16,0,0,0,0,0,0,0,0,0,0,0,0,0,0.0,0.0,0.0,0.0,0,0.00,0.00,0.00,0.00,50,-3,304,0,3
175,615,7,0,True,2024-12-15T14:00:00Z,1,3,16,0,0,0,0,0,0,0,0,0,0,0,0,0,0.0,0.0,0.0,0.0,0,0.00,0.00,0.00,0.00,40,-101,5223,0,101
176,618,7,2,True,2024-12-15T14:00:00Z,1,3,16,71,0,0,0,2,0,0,0,0,0,0,0,4,6.0,6.1,4.0,1.6,1,0.02,0.00,0.02,1.30,56,-22473,153003,5362,27835
177,628,7,0,True,2024-12-15T14:00:00Z,1,3,16,0,0,0,0,0,0,0,0,0,0,0,0,0,0.0,0.0,0.0,0.0,0,0.00,0.00,0.00,0.00,45,-4972,24729,76,5048
178,629,7,0,True,2024-12-15T14:00:00Z,1,3,16,0,0,0,0,0,0,0,0,0,0,0,0,0,0.0,0.0,0.0,0.0,0,0.00,0.00,0.00,0.00,55,-1199,9025,518,1717
179,663,7,0,True,2024-12-15T14:00:00Z,1,3,16,0,0,0,0,0,0,0,0,0,0,0,0,0,0.0,0.0,0.0,0.0,0,0.00,0.00,0.00,0.00,40,51,4253,271,220
180,668,7,0,True,2024-12-15T14:00:00Z,1,3,16,0,0,0,0,0,0,0,0,0,0,0,0,0,0.0,0.0,0.0,0.0,0,0.00,0.00,0.00,0.00,39,10962,150195,16375,5413
181,681,7,0,True,2024-12-15T14:00:00Z,1,3,16,0,0,0,0,0,0,0,0,0,0,0,0,0,0.0,0.0,0.0,0.0,0,0.00,0.00,0.00,0.00,40,98,891,151,53
182,150,4,0,True,2024-12-15T19:00:00Z,2,1,16,0,0,0,0,0,0,0,0,0,0,0,0,0,0.0,0.0,0.0,0.0,0,0.00,0.00,0.00,0.00,45,-6,325,0,6
183,151,4,0,True,2024-12-15T19:00:00Z,2,1,16,0,0,0,0,0,0,0,0,0,0,0,0,0,0.0,0.0,0.0,0.0,0,0.00,0.00,0.00,0.00,45,-380,14404,0,380
184,153,4,0,True,2024-12-15T19:00:00Z,2,1,16,0,0,0,0,0,0,0,0,0,0,0,0,0,0.0,0.0,0.0,0.0,0,0.00,0.00,0.00,0.00,43,1369,15484,2098,729
185,154,4,0,True,2024-12-15T19:00:00Z,2,1,16,0,0,0,0,0,0,0,0,0,0,0,0,0,0.0,0.0,0.0,0.0,0,0.00,0.00,0.00,0.00,40,-604,25353,189,793
186,155,4,0,True,2024-12-15T19:00:00Z,2,1,16,0,0,0,0,0,0,0,0,0,0,0,0,0,0.0,0.0,0.0,0.0,0,0.00,0.00,0.00,0.00,39,3212,49306,5563,2351
187,157,4,2,True,2024-12-15T19:00:00Z,2,1,16,90,0,0,0,1,0,0,0,0,0,0,0,19,17.0,28.0,9.0,5.4,1,0.01,0.06,0.07,1.61,49,-1671,153216,10617,12288
188,158,4,0,True,2024-12-15T19:00:00Z,2,1,16,0,0,0,0,0,0,0,0,0,0,0,0,0,0.0,0.0,0.0,0.0,0,0.00,0.00,0.00,0.00,44,-322,15263,805,1127
189,160,4,0,True,2024-12-15T19:00:00Z,2,1,16,0,0,0,0,0,0,0,0,0,0,0,0,0,0.0,0.0,0.0,0.0,0,0.00,0.00,0.00,0.00,47,301,56190,2487,2186
190,161,4,0,True,2024-12-15T19:00:00Z,2,1,16,0,0,0,0,0,0,0,0,0,0,0,0,0,0.0,0.0,0.0,0.0,0,0.00,0.00,0.00,0.00,48,-40,5041,122,162
191,162,4,2,True,2024-12-15T19:00:00Z,2,1,16,90,0,0,0,1,0,0,0,0,0,0,0,11,22.0,18.3,2.0,4.2,1,0.00,0.05,0.05,1.61,45,56640,499814,76806,20166
192,163,4,5,True,2024-12-15T19:00:00Z,2,1,16,90,1,0,0,1,0,0,0,0,1,0,0,19,38.8,14.3,21.0,7.4,1,0.12,0.02,0.14,1.61,51,118352,787163,140927,22575
193,164,4,0,True,2024-12-15T19:00:00Z,2,1,16,0,0,0,0,0,0,0,0,0,0,0,0,0,0.0,0.0,0.0,0.0,0,0.00,0.00,0.00,0.00,54,-69,6799,0,69
194,165,4,0,True,2024-12-15T19:00:00Z,2,1,16,0,0,0,0,0,0,0,0,0,0,0,0,0,0.0,0.0,0.0,0.0,0,0.00,0.00,0.00,0.00,49,-24,16071,596,620
195,166,4,0,True,2024-12-15T19:00:00Z,2,1,16,0,0,0,0,0,0,0,0,0,0,0,0,0,0.0,0.0,0.0,0.0,0,0.00,0.00,0.00,0.00,56,-224,12912,152,376
196,167,4,0,True,2024-12-15T19:00:00Z,2,1,16,0,0,0,0,0,0,0,0,0,0,0,0,0,0.0,0.0,0.0,0.0,0,0.00,0.00,0.00,0.00,42,3161,46971,6883,3722
197,168,4,5,True,2024-12-15T19:00:00Z,2,1,16,90,0,1,0,1,0,0,0,0,0,0,0,22,31.4,38.1,26.0,9.6,1,0.11,0.08,0.19,1.61,50,499510,887138,511001,11491
198,169,4,0,True,2024-12-15T19:00:00Z,2,1,16,0,0,0,0,0,0,0,0,0,0,0,0,0,0.0,0.0,0.0,0.0,0,0.00,0.00,0.00,0.00,59,-106,15745,0,106
199,170,4,0,True,2024-12-15T19:00:00Z,2,1,16,0,0,0,0,0,0,0,0,0,0,0,0,0,0.0,0.0,0.0,0.0,0,0.00,0.00,0.00,0.00,40,-123,3714,0,123
200,171,4,2,True,2024-12-15T19:00:00Z,2,1,16,90,0,0,0,1,0,0,0,0,0,0,0,15,27.0,38.3,7.0,7.2,1,0.03,0.27,0.30,1.61,49,6446,190712,16281,9835
201,172,4,0,True,2024-12-15T19:00:00Z,2,1,16,0,0,0,0,0,0,0,0,0,0,0,0,0,0.0,0.0,0.0,0.0,0,0.00,0.00,0.00,0.00,48,-3327,19045,66,3393
202,173,4,0,True,2024-12-15T19:00:00Z,2,1,16,0,0,0,0,0,0,0,0,0,0,0,0,0,0.0,0.0,0.0,0.0,0,0.00,0.00,0.00,0.00,44,-72,2795,35,107
203,174,4,0,True,2024-12-15T19:00:00Z,2,1,16,0,0,0,0,0,0,0,0,0,0,0,0,0,0.0,0.0,0.0,0.0,0,0.00,0.00,0.00,0.00,45,-2432,98709,7117,9549
204,175,4,0,True,2024-12-15T19:00:00Z,2,1,16,0,0,0,0,0,0,0,0,0,0,0,0,0,0.0,0.0,0.0,0.0,0,0.00,0.00,0.00,0.00,63,-138,21526,0,138
205,176,4,0,True,2024-12-15T19:00:00Z,2,1,16,0,0,0,0,0,0,0,0,0,0,0,0,0,0.0,0.0,0.0,0.0,0,0.00,0.00,0.00,0.00,45,-2,277,0,2
206,177,4,6,True,2024-12-15T19:00:00Z,2,1,16,90,0,1,0,1,0,0,0,0,0,0,1,25,24.2,33.4,58.0,11.6,1,0.48,0.11,0.59,1.61,63,-17487,750823,57033,74520
207,178,4,0,True,2024-12-15T19:00:00Z,2,1,16,0,0,0,0,0,0,0,0,0,0,0,0,0,0.0,0.0,0.0,0.0,0,0.00,0.00,0.00,0.00,47,819,59052,3555,2736
208,179,4,0,True,2024-12-15T19:00:00Z,2,1,16,0,0,0,0,0,0,0,0,0,0,0,0,0,0.0,0.0,0.0,0.0,0,0.00,0.00,0.00,0.00,62,-1178,23972,42,1220
209,180,4,9,True,2024-12-15T19:00:00Z,2,1,16,82,1,0,1,0,0,0,0,0,0,0,3,28,37.2,1.7,62.0,10.1,1,1.13,0.00,1.13,1.07,82,28552,3054217,208129,179577
210,181,4,1,True,2024-12-15T19:00:00Z,2,1,16,7,0,0,0,1,0,0,0,0,0,0,0,2,1.0,0.0,2.0,0.3,0,0.00,0.00,0.00,0.53,58,-2887,262746,9284,12171
211,182,4,3,True,2024-12-15T19:00:00Z,2,1,16,90,0,0,0,1,0,0,0,0,0,0,1,25,21.6,57.9,30.0,11.0,1,0.21,0.33,0.54,1.61,111,354913,6867090,378627,23714
212,183,4,0,True,2024-12-15T19:00:00Z,2,1,16,0,0,0,0,0,0,0,0,0,0,0,0,0,0.0,0.0,0.0,0.0,0,0.00,0.00,0.00,0.00,44,-560,20003,0,560
213,184,4,0,True,2024-12-15T19:00:00Z,2,1,16,0,0,0,0,0,0,0,0,0,0,0,0,0,0.0,0.0,0.0,0.0,0,0.00,0.00,0.00,0.00,45,-840,19396,416,1256
214,185,4,3,True,2024-12-15T19:00:00Z,2,1,16,90,0,0,0,1,0,0,0,0,0,3,0,13,24.0,0.0,0.0,2.4,1,0.00,0.00,0.00,1.61,48,11544,1395968,79127,67583
215,187,4,2,True,2024-12-15T19:00:00Z,2,1,16,90,0,0,0,1,0,0,0,0,0,0,0,5,19.8,1.7,9.0,3.1,1,0.13,0.01,0.14,1.61,42,-510,15848,411,921
216,189,4,0,True,2024-12-15T19:00:00Z,2,1,16,0,0,0,0,0,0,0,0,0,0,0,0,0,0.0,0.0,0.0,0.0,0,0.00,0.00,0.00,0.00,44,-4177,37315,33,4210
217,386,4,2,True,2024-12-15T19:00:00Z,2,1,16,90,0,0,0,1,0,0,0,0,0,0,0,17,10.2,49.8,20.0,8.0,1,0.03,0.56,0.59,1.61,62,50258,147050,54495,4237
218,560,4,0,True,2024-12-15T19:00:00Z,2,1,16,0,0,0,0,0,0,0,0,0,0,0,0,0,0.0,0.0,0.0,0.0,0,0.00,0.00,0.00,0.00,62,-38013,86107,1923,39936
219,575,4,0,True,2024-12-15T19:00:00Z,2,1,16,0,0,0,0,0,0,0,0,0,0,0,0,0,0.0,0.0,0.0,0.0,0,0.00,0.00,0.00,0.00,40,-62,2202,0,62
220,581,4,0,True,2024-12-15T19:00:00Z,2,1,16,0,0,0,0,0,0,0,0,0,0,0,0,0,0.0,0.0,0.0,0.0,0,0.00,0.00,0.00,0.00,42,-187,22471,813,1000
221,621,4,0,True,2024-12-15T19:00:00Z,2,1,16,0,0,0,0,0,0,0,0,0,0,0,0,0,0.0,0.0,0.0,0.0,0,0.00,0.00,0.00,0.00,60,-1377,53757,1408,2785
222,11,5,4,False,2024-12-15T14:00:00Z,1,3,16,30,0,1,0,1,0,0,0,0,0,0,0,12,16.4,30.8,13.0,6.0,0,0.47,0.07,0.54,0.23,59,-1230,47670,994,2224
223,159,5,9,False,2024-12-15T14:00:00Z,1,3,16,90,1,0,0,1,0,0,0,0,0,0,1,31,61.6,0.2,35.0,9.7,1,0.41,0.00,0.41,1.00,44,-944,58108,2386,3330
224,190,5,0,False,2024-12-15T14:00:00Z,1,3,16,0,0,0,0,0,0,0,0,0,0,0,0,0,0.0,0.0,0.0,0.0,0,0.00,0.00,0.00,0.00,45,-325,11086,0,325
225,193,5,1,False,2024-12-15T14:00:00Z,1,3,16,5,0,0,0,1,0,0,0,0,0,0,0,3,0.2,0.0,5.0,0.5,0,0.19,0.00,0.19,0.15,49,-134,5815,104,238
226,194,5,0,False,2024-12-15T14:00:00Z,1,3,16,0,0,0,0,0,0,0,0,0,0,0,0,0,0.0,0.0,0.0,0.0,0,0.00,0.00,0.00,0.00,44,-69,10908,106,175
227,195,5,0,False,2024-12-15T14:00:00Z,1,3,16,0,0,0,0,0,0,0,0,0,0,0,0,0,0.0,0.0,0.0,0.0,0,0.00,0.00,0.00,0.00,43,-93,5110,17,110
228,196,5,1,False,2024-12-15T14:00:00Z,1,3,16,5,0,0,0,1,0,0,0,0,0,0,0,1,2.0,0.0,0.0,0.2,0,0.00,0.00,0.00,0.15,43,-103,10965,261,364
229,197,5,0,False,2024-12-15T14:00:00Z,1,3,16,0,0,0,0,0,0,0,0,0,0,0,0,0,0.0,0.0,0.0,0.0,0,0.00,0.00,0.00,0.00,45,-1,266,0,1
230,199,5,1,False,2024-12-15T14:00:00Z,1,3,16,59,0,0,0,0,0,0,0,0,0,0,0,10,11.2,12.0,6.0,2.9,1,0.07,0.02,0.09,0.76,66,-13955,820640,9603,23558
231,200,5,-1,False,2024-12-15T14:00:00Z,1,3,16,90,0,0,0,1,1,0,0,1,0,0,0,-7,0.0,0.7,0.0,0.0,1,0.00,0.00,0.00,1.00,45,4571,838544,30749,26178
232,201,5,2,False,2024-12-15T14:00:00Z,1,3,16,90,0,0,0,1,0,0,0,1,0,5,0,14,35.0,0.0,0.0,3.5,1,0.00,0.00,0.00,1.00,44,27079,1145471,53796,26717
233,202,5,0,False,2024-12-15T14:00:00Z,1,3,16,0,0,0,0,0,0,0,0,0,0,0,0,0,0.0,0.0,0.0,0.0,0,0.00,0.00,0.00,0.00,43,-132,8314,128,260
234,203,5,3,False,2024-12-15T14:00:00Z,1,3,16,84,0,0,1,0,0,0,0,0,0,0,0,3,8.8,15.8,0.0,2.5,1,0.00,0.10,0.10,0.85,49,1803,5824,2274,471
235,205,5,1,False,2024-12-15T14:00:00Z,1,3,16,30,0,0,0,1,0,0,0,0,0,0,0,9,6.0,16.8,0.0,2.3,0,0.00,0.19,0.19,0.23,51,-266,11834,125,391
236,206,5,2,False,2024-12-15T14:00:00Z,1,3,16,90,0,0,0,1,0,0,0,0,0,0,0,10,15.6,0.9,4.0,2.1,1,0.00,0.02,0.02,1.00,48,29,4915,249,220
237,207,5,1,False,2024-12-15T14:00:00Z,1,3,16,59,0,0,0,0,0,0,0,0,0,0,0,-4,3.2,0.4,2.0,0.6,1,0.03,0.00,0.03,0.76,72,-11228,270449,7077,18305
238,208,5,0,False,2024-12-15T14:00:00Z,1,3,16,0,0,0,0,0,0,0,0,0,0,0,0,0,0.0,0.0,0.0,0.0,0,0.00,0.00,0.00,0.00,44,-2404,39952,36,2440
239,209,5,0,False,2024-12-15T14:00:00Z,1,3,16,0,0,0,0,0,0,0,0,0,0,0,0,0,0.0,0.0,0.0,0.0,0,0.00,0.00,0.00,0.00,40,-1078,58509,227,1305
240,210,5,11,False,2024-12-15T14:00:00Z,1,3,16,84,0,1,1,0,0,0,0,0,0,0,2,42,28.4,25.1,4.0,5.8,1,0.00,0.47,0.47,0.85,48,-4326,152135,2608,6934
241,211,5,1,False,2024-12-15T14:00:00Z,1,3,16,90,0,0,0,1,0,0,0,1,0,0,0,0,17.4,25.3,19.0,6.2,1,0.19,0.09,0.28,1.00,47,119832,330206,127883,8051
242,212,5,0,False,2024-12-15T14:00:00Z,1,3,16,0,0,0,0,0,0,0,0,0,0,0,0,0,0.0,0.0,0.0,0.0,0,0.00,0.00,0.00,0.00,45,-2,132,0,2
243,213,5,0,False,2024-12-15T14:00:00Z,1,3,16,0,0,0,0,0,0,0,0,0,0,0,0,0,0.0,0.0,0.0,0.0,0,0.00,0.00,0.00,0.00,45,-108,3692,0,108
244,214,5,0,False,2024-12-15T14:00:00Z,1,3,16,0,0,0,0,0,0,0,0,0,0,0,0,0,0.0,0.0,0.0,0.0,0,0.00,0.00,0.00,0.00,47,-248,7244,243,491
245,215,5,0,False,2024-12-15T14:00:00Z,1,3,16,0,0,0,0,0,0,0,0,0,0,0,0,0,0.0,0.0,0.0,0.0,0,0.00,0.00,0.00,0.00,43,-329,9852,102,431
246,216,5,0,False,2024-12-15T14:00:00Z,1,3,16,0,0,0,0,0,0,0,0,0,0,0,0,0,0.0,0.0,0.0,0.0,0,0.00,0.00,0.00,0.00,47,-700,18497,71,771
247,445,5,0,False,2024-12-15T14:00:00Z,1,3,16,0,0,0,0,0,0,0,0,0,0,0,0,0,0.0,0.0,0.0,0.0,0,0.00,0.00,0.00,0.00,40,-23372,1179822,2732,26104
248,585,5,17,False,2024-12-15T14:00:00Z,1,3,16,90,2,1,0,1,0,0,0,1,0,0,3,64,100.4,21.7,85.0,20.7,1,0.96,0.03,0.99,0.85,57,-4013,34674,2096,6109
249,644,5,0,False,2024-12-15T14:00:00Z,1,3,16,0,0,0,0,0,0,0,0,0,0,0,0,0,0.0,0.0,0.0,0.0,0,0.00,0.00,0.00,0.00,44,-91,2318,164,255
250,645,5,1,False,2024-12-15T14:00:00Z,1,3,16,1,0,0,0,0,0,0,0,0,0,0,0,3,1.0,0.0,0.0,0.1,0,0.00,0.00,0.00,0.15,45,3345,25265,6255,2910
251,646,5,0,False,2024-12-15T14:00:00Z,1,3,16,0,0,0,0,0,0,0,0,0,0,0,0,0,0.0,0.0,0.0,0.0,0,0.00,0.00,0.00,0.00,45,-129,4601,222,351
252,647,5,0,False,2024-12-15T14:00:00Z,1,3,16,0,0,0,0,0,0,0,0,0,0,0,0,0,0.0,0.0,0.0,0.0,0,0.00,0.00,0.00,0.00,45,-100,2563,83,183
253,650,5,2,False,2024-12-15T14:00:00Z,1,3,16,90,0,0,0,1,0,0,0,0,0,0,0,13,23.6,0.2,0.0,2.4,1,0.00,0.00,0.00,1.00,45,7236,25489,8303,1067
254,666,5,0,False,2024-12-15T14:00:00Z,1,3,16,0,0,0,0,0,0,0,0,0,0,0,0,0,0.0,0.0,0.0,0.0,0,0.00,0.00,0.00,0.00,40,-282,2793,181,463
255,676,5,0,False,2024-12-15T14:00:00Z,1,3,16,0,0,0,0,0,0,0,0,0,0,0,0,0,0.0,0.0,0.0,0.0,0,0.00,0.00,0.00,0.00,45,4226,37748,8643,4417
256,156,1,0,False,2024-12-14T15:00:00Z,0,0,16,24,0,0,0,0,0,0,0,1,0,0,0,-3,5.2,0.2,0.0,0.5,0,0.00,0.00,0.00,0.15,54,464,6372,649,185
257,217,1,3,False,2024-12-14T15:00:00Z,0,0,16,90,0,0,1,0,0,0,0,0,0,0,0,8,14.2,1.2,7.0,2.2,1,0.09,0.00,0.09,1.22,51,-576,19592,584,1160
258,218,1,0,False,2024-12-14T15:00:00Z,0,0,16,0,0,0,0,0,0,0,0,0,0,0,0,0,0.0,0.0,0.0,0.0,0,0.00,0.00,0.00,0.00,50,-1909,63552,2433,4342
259,219,1,6,False,2024-12-14T15:00:00Z,0,0,16,90,0,0,1,0,0,0,0,0,0,0,0,23,18.8,0.1,0.0,1.9,1,0.00,0.00,0.00,1.22,48,1558,96955,6061,4503
260,220,1,2,False,2024-12-14T15:00:00Z,0,0,16,65,0,0,1,0,0,0,0,0,0,0,0,7,0.0,1.0,2.0,0.2,1,0.00,0.00,0.00,1.07,55,-12334,179316,3793,16127
261,221,1,0,False,2024-12-14T15:00:00Z,0,0,16,0,0,0,0,0,0,0,0,0,0,0,0,0,0.0,0.0,0.0,0.0,0,0.00,0.00,0.00,0.00,43,157,3657,293,136
262,222,1,3,False,2024-12-14T15:00:00Z,0,0,16,90,0,0,1,0,0,0,0,0,0,0,0,19,11.0,1.3,0.0,1.2,1,0.00,0.01,0.01,1.22,49,-58,5744,333,391
263,223,1,0,False,2024-12-14T15:00:00Z,0,0,16,0,0,0,0,0,0,0,0,0,0,0,0,0,0.0,0.0,0.0,0.0,0,0.00,0.00,0.00,0.00,49,-2,1514,25,27
264,224,1,3,False,2024-12-14T15:00:00Z,0,0,16,65,0,0,1,0,0,0,0,0,0,0,0,6,5.2,0.3,0.0,0.6,1,0.00,0.00,0.00,1.07,52,-497,12116,173,670
265,225,1,0,False,2024-12-14T15:00:00Z,0,0,16,0,0,0,0,0,0,0,0,0,0,0,0,0,0.0,0.0,0.0,0.0,0,0.00,0.00,0.00,0.00,40,-599,20869,0,599
266,226,1,0,False,2024-12-14T15:00:00Z,0,0,16,0,0,0,0,0,0,0,0,0,0,0,0,0,0.0,0.0,0.0,0.0,0,0.00,0.00,0.00,0.00,44,-2903,47372,279,3182
267,227,1,0,False,2024-12-14T15:00:00Z,0,0,16,0,0,0,0,0,0,0,0,0,0,0,0,0,0.0,0.0,0.0,0.0,0,0.00,0.00,0.00,0.00,39,24951,74802,27051,2100
268,228,1,0,False,2024-12-14T15:00:00Z,0,0,16,0,0,0,0,0,0,0,0,0,0,0,0,0,0.0,0.0,0.0,0.0,0,0.00,0.00,0.00,0.00,41,-92372,712504,7232,99604
269,229,1,0,False,2024-12-14T15:00:00Z,0,0,16,0,0,0,0,0,0,0,0,0,0,0,0,0,0.0,0.0,0.0,0.0,0,0.00,0.00,0.00,0.00,49,-672,31453,0,672
270,230,1,0,False,2024-12-14T15:00:00Z,0,0,16,0,0,0,0,0,0,0,0,0,0,0,0,0,0.0,0.0,0.0,0.0,0,0.00,0.00,0.00,0.00,54,-54629,438908,12537,67166
271,231,1,7,False,2024-12-14T15:00:00Z,0,0,16,90,0,0,1,0,0,0,0,0,0,0,1,27,17.0,0.3,2.0,1.9,1,0.00,0.01,0.01,1.22,43,7412,454545,37663,30251
272,232,1,2,False,2024-12-14T15:00:00Z,0,0,16,90,0,0,1,0,0,0,0,0,0,0,0,12,16.8,1.0,0.0,1.8,1,0.00,0.01,0.01,1.22,54,-4314,67659,4020,8334
273,234,1,0,False,2024-12-14T15:00:00Z,0,0,16,0,0,0,0,0,0,0,0,0,0,0,0,0,0.0,0.0,0.0,0.0,0,0.00,0.00,0.00,0.00,44,32,1922,98,66
274,235,1,8,False,2024-12-14T15:00:00Z,0,0,16,90,0,0,1,0,0,0,0,1,0,5,2,30,44.4,0.0,0.0,4.4,1,0.00,0.00,0.00,1.22,49,-35766,1031166,17574,53340
275,236,1,6,False,2024-12-14T15:00:00Z,0,0,16,90,0,0,1,0,0,0,0,0,0,0,0,23,31.0,0.8,6.0,3.8,1,0.00,0.07,0.07,1.22,48,-6187,169377,6679,12866
276,237,1,0,False,2024-12-14T15:00:00Z,0,0,16,0,0,0,0,0,0,0,0,0,0,0,0,0,0.0,0.0,0.0,0.0,0,0.00,0.00,0.00,0.00,49,63,1424,238,175
277,238,1,5,False,2024-12-14T15:00:00Z,0,0,16,90,0,0,1,0,0,0,0,1,0,0,0,19,19.0,0.6,0.0,2.0,1,0.00,0.00,0.00,1.22,46,65122,318491,81751,16629
278,577,1,1,False,2024-12-14T15:00:00Z,0,0,16,24,0,0,0,0,0,0,0,0,0,0,0,9,7.0,4.0,0.0,1.1,0,0.00,0.01,0.01,0.15,51,-193,6516,66,259
279,582,1,0,False,2024-12-14T15:00:00Z,0,0,16,0,0,0,0,0,0,0,0,0,0,0,0,0,0.0,0.0,0.0,0.0,0,0.00,0.00,0.00,0.00,46,-307,16465,162,469
280,603,1,0,False,2024-12-14T15:00:00Z,0,0,16,0,0,0,0,0,0,0,0,0,0,0,0,0,0.0,0.0,0.0,0.0,0,0.00,0.00,0.00,0.00,45,-312,21191,803,1115
281,614,1,0,False,2024-12-14T15:00:00Z,0,0,16,0,0,0,0,0,0,0,0,0,0,0,0,0,0.0,0.0,0.0,0.0,0,0.00,0.00,0.00,0.00,45,-6,481,0,6
282,624,1,0,False,2024-12-14T15:00:00Z,0,0,16,0,0,0,0,0,0,0,0,0,0,0,0,0,0.0,0.0,0.0,0.0,0,0.00,0.00,0.00,0.00,40,-212,27988,656,868
283,627,1,0,False,2024-12-14T15:00:00Z,0,0,16,0,0,0,0,0,0,0,0,0,0,0,0,0,0.0,0.0,0.0,0.0,0,0.00,0.00,0.00,0.00,40,250,9027,769,519
284,651,1,3,False,2024-12-14T15:00:00Z,0,0,16,90,0,0,1,0,0,0,0,0,0,0,0,7,6.6,11.0,4.0,2.2,1,0.00,0.01,0.01,1.22,50,22,1788,194,172
285,678,1,0,False,2024-12-14T15:00:00Z,0,0,16,0,0,0,0,0,0,0,0,0,0,0,0,0,0.0,0.0,0.0,0.0,0,0.00,0.00,0.00,0.00,45,168,705,298,130
286,10,12,0,False,2024-12-14T15:00:00Z,2,2,16,0,0,0,0,0,0,0,0,0,0,0,0,0,0.0,0.0,0.0,0.0,0,0.00,0.00,0.00,0.00,50,-1148,7967,36,1184
287,19,12,1,False,2024-12-14T15:00:00Z,2,2,16,21,0,0,0,1,0,0,0,0,0,0,0,4,4.2,10.3,0.0,1.5,0,0.00,0.02,0.02,0.94,55,-288946,2026653,15527,304473
288,191,12,0,False,2024-12-14T15:00:00Z,2,2,16,0,0,0,0,0,0,0,0,0,0,0,0,0,0.0,0.0,0.0,0.0,0,0.00,0.00,0.00,0.00,42,-46066,472407,693,46759
289,239,12,1,False,2024-12-14T15:00:00Z,2,2,16,3,0,0,0,0,0,0,0,0,0,0,0,5,3.0,0.0,17.0,2.0,0,0.06,0.00,0.06,0.44,48,-15011,211735,8229,23240
290,240,12,6,False,2024-12-14T15:00:00Z,2,2,16,68,1,0,0,1,0,0,0,1,0,0,0,22,36.0,12.1,39.0,8.7,1,0.13,0.09,0.22,1.19,50,-7978,123736,842,8820
291,241,12,0,False,2024-12-14T15:00:00Z,2,2,16,0,0,0,0,0,0,0,0,0,0,0,0,0,0.0,0.0,0.0,0.0,0,0.00,0.00,0.00,0.00,45,-5890,40961,501,6391
292,242,12,0,False,2024-12-14T15:00:00Z,2,2,16,0,0,0,0,0,0,0,0,0,0,0,0,0,0.0,0.0,0.0,0.0,0,0.00,0.00,0.00,0.00,40,-321,45898,579,900
293,243,12,0,False,2024-12-14T15:00:00Z,2,2,16,0,0,0,0,0,0,0,0,0,0,0,0,0,0.0,0.0,0.0,0.0,0,0.00,0.00,0.00,0.00,48,-143,2950,31,174
294,244,12,1,False,2024-12-14T15:00:00Z,2,2,16,35,0,0,0,1,0,0,0,0,0,0,0,2,5.8,0.3,0.0,0.6,0,0.00,0.00,0.00,1.05,42,-1242,74408,951,2193
295,245,12,0,False,2024-12-14T15:00:00Z,2,2,16,90,0,0,0,2,0,0,0,1,0,0,0,2,20.2,0.2,0.0,2.0,1,0.00,0.00,0.00,2.13,44,74,23987,708,634
296,246,12,0,False,2024-12-14T15:00:00Z,2,2,16,0,0,0,0,0,0,0,0,0,0,0,0,0,0.0,0.0,0.0,0.0,0,0.00,0.00,0.00,0.00,45,-4,463,0,4
297,247,12,2,False,2024-12-14T15:00:00Z,2,2,16,90,0,0,0,2,0,0,0,0,0,0,0,12,12.2,17.2,10.0,3.9,1,0.08,0.06,0.14,2.13,57,66387,451874,99121,32734
298,248,12,1,False,2024-12-14T15:00:00Z,2,2,16,90,0,0,0,2,0,0,0,0,0,2,0,6,25.2,0.0,0.0,2.5,1,0.00,0.00,0.00,2.13,50,-7334,251337,5432,12766
299,249,12,2,False,2024-12-14T15:00:00Z,2,2,16,90,0,0,0,2,0,0,0,0,0,0,0,12,19.0,21.4,3.0,4.3,1,0.05,0.01,0.06,2.13,48,67,4175,145,78
300,250,12,0,False,2024-12-14T15:00:00Z,2,2,16,0,0,0,0,0,0,0,0,0,0,0,0,0,0.0,0.0,0.0,0.0,0,0.00,0.00,0.00,0.00,40,-461,19124,0,461
301,251,12,7,False,2024-12-14T15:00:00Z,2,2,16,22,1,0,0,1,0,0,0,0,0,0,2,28,33.2,1.0,33.0,6.7,0,0.28,0.00,0.28,0.94,55,-5416,161405,1318,6734
302,252,12,2,False,2024-12-14T15:00:00Z,2,2,16,67,0,0,0,1,0,0,0,0,0,0,0,3,1.2,0.8,6.0,0.8,1,0.00,0.00,0.00,1.19,55,-20600,535293,31482,52082
303,253,12,0,False,2024-12-14T15:00:00Z,2,2,16,0,0,0,0,0,0,0,0,0,0,0,0,0,0.0,0.0,0.0,0.0,0,0.00,0.00,0.00,0.00,45,-3,610,0,3
304,254,12,0,False,2024-12-14T15:00:00Z,2,2,16,0,0,0,0,0,0,0,0,0,0,0,0,0,0.0,0.0,0.0,0.0,0,0.00,0.00,0.00,0.00,47,-102,3072,23,125
305,255,12,6,False,2024-12-14T15:00:00Z,2,2,16,90,0,2,0,2,0,0,0,1,0,0,0,27,66.0,53.3,4.0,12.3,1,0.00,0.52,0.52,2.13,47,-47397,1626424,31183,78580
306,256,12,0,False,2024-12-14T15:00:00Z,2,2,16,0,0,0,0,0,0,0,0,0,0,0,0,0,0.0,0.0,0.0,0.0,0,0.00,0.00,0.00,0.00,50,-63,4378,0,63
307,257,12,1,False,2024-12-14T15:00:00Z,2,2,16,54,0,0,0,1,0,0,0,0,0,0,0,0,7.0,0.2,0.0,0.7,1,0.00,0.00,0.00,1.08,45,1616,44432,3458,1842
308,258,12,0,False,2024-12-14T15:00:00Z,2,2,16,0,0,0,0,0,0,0,0,0,0,0,0,0,0.0,0.0,0.0,0.0,0,0.00,0.00,0.00,0.00,50,-182,34746,1317,1499
309,259,12,2,False,2024-12-14T15:00:00Z,2,2,16,86,0,0,0,2,0,0,0,0,0,0,0,4,0.0,13.1,16.0,2.6,1,0.62,0.02,0.64,1.68,52,-5814,36712,727,6541
310,579,12,0,False,2024-12-14T15:00:00Z,2,2,16,0,0,0,0,0,0,0,0,0,0,0,0,0,0.0,0.0,0.0,0.0,0,0.00,0.00,0.00,0.00,42,-140,12402,239,379
311,586,12,1,False,2024-12-14T15:00:00Z,2,2,16,90,0,0,0,2,0,0,0,0,0,0,0,10,20.4,0.0,0.0,2.0,1,0.00,0.00,0.00,2.13,44,10,4282,68,58
312,604,12,0,False,2024-12-14T15:00:00Z,2,2,16,0,0,0,0,0,0,0,0,0,0,0,0,0,0.0,0.0,0.0,0.0,0,0.00,0.00,0.00,0.00,45,-56,9581,351,407
313,605,12,0,False,2024-12-14T15:00:00Z,2,2,16,0,0,0,0,0,0,0,0,0,0,0,0,0,0.0,0.0,0.0,0.0,0,0.00,0.00,0.00,0.00,45,66,3765,238,172
314,622,12,1,False,2024-12-14T15:00:00Z,2,2,16,90,0,0,0,2,0,0,0,1,0,0,0,13,9.6,1.3,0.0,1.1,1,0.00,0.01,0.01,2.13,50,71,2682,228,157
315,260,20,1,False,2024-12-14T15:00:00Z,1,2,16,6,0,0,0,0,0,0,0,0,0,0,0,3,0.0,0.3,6.0,0.5,0,0.06,0.00,0.06,0.37,48,703,34981,2767,2064
316,261,20,0,False,2024-12-14T15:00:00Z,1,2,16,0,0,0,0,0,0,0,0,0,0,0,0,0,0.0,0.0,0.0,0.0,0,0.00,0.00,0.00,0.00,40,-37,1799,0,37
317,262,20,0,False,2024-12-14T15:00:00Z,1,2,16,0,0,0,0,0,0,0,0,0,0,0,0,0,0.0,0.0,0.0,0.0,0,0.00,0.00,0.00,0.00,49,26,1055,70,44
318,263,20,2,False,2024-12-14T15:00:00Z,1,2,16,90,0,0,0,1,0,0,0,0,0,0,0,17,39.8,0.4,2.0,4.2,1,0.00,0.00,0.00,1.27,40,13717,272678,20315,6598
319,264,20,2,False,2024-12-14T15:00:00Z,1,2,16,83,0,0,0,1,0,0,0,0,0,0,0,12,9.8,16.7,21.0,4.8,1,0.03,0.43,0.46,0.90,48,217,4667,529,312
320,265,20,5,False,2024-12-14T15:00:00Z,1,2,16,74,0,1,0,1,0,0,0,0,0,0,0,15,0.0,5.1,7.0,1.1,1,0.19,0.01,0.20,0.52,51,806,11726,1184,378
321,266,20,1,False,2024-12-14T15:00:00Z,1,2,16,90,0,0,0,1,0,0,0,1,0,0,0,6,16.4,11.3,0.0,2.8,1,0.00,0.03,0.03,1.27,40,670,8270,1211,541
322,267,20,2,False,2024-12-14T15:00:00Z,1,2,16,90,0,0,0,1,0,0,0,0,0,0,0,9,11.4,6.5,15.0,3.3,1,0.04,0.05,0.09,1.27,45,-10177,278022,7508,17685
323,268,20,1,False,2024-12-14T15:00:00Z,1,2,16,83,0,0,0,1,0,0,0,1,0,0,0,3,2.6,16.4,10.0,2.9,1,0.33,0.47,0.80,0.90,56,-51326,516688,22470,73796
324,269,20,0,False,2024-12-14T15:00:00Z,1,2,16,0,0,0,0,0,0,0,0,0,0,0,0,0,0.0,0.0,0.0,0.0,0,0.00,0.00,0.00,0.00,40,-161,7677,0,161
325,270,20,0,False,2024-12-14T15:00:00Z,1,2,16,0,0,0,0,0,0,0,0,0,0,0,0,0,0.0,0.0,0.0,0.0,0,0.00,0.00,0.00,0.00,40,-9556,409301,5984,15540
326,271,20,0,False,2024-12-14T15:00:00Z,1,2,16,0,0,0,0,0,0,0,0,0,0,0,0,0,0.0,0.0,0.0,0.0,0,0.00,0.00,0.00,0.00,49,-10,958,0,10
327,272,20,0,False,2024-12-14T15:00:00Z,1,2,16,0,0,0,0,0,0,0,0,0,0,0,0,0,0.0,0.0,0.0,0.0,0,0.00,0.00,0.00,0.00,54,-185,3085,113,298
328,273,20,0,False,2024-12-14T15:00:00Z,1,2,16,0,0,0,0,0,0,0,0,0,0,0,0,0,0.0,0.0,0.0,0.0,0,0.00,0.00,0.00,0.00,45,-47,1529,0,47
329,274,20,2,False,2024-12-14T15:00:00Z,1,2,16,90,0,0,0,1,0,0,0,0,0,0,0,19,14.6,24.4,28.0,6.7,1,0.38,0.04,0.42,1.27,52,-379,42357,4088,4467
330,275,20,1,False,2024-12-14T15:00:00Z,1,2,16,6,0,0,0,0,0,0,0,0,0,0,0,4,2.6,0.0,0.0,0.3,0,0.00,0.00,0.00,0.37,39,26646,227925,32443,5797
331,276,20,0,False,2024-12-14T15:00:00Z,1,2,16,0,0,0,0,0,0,0,0,0,0,0,0,0,0.0,0.0,0.0,0.0,0,0.00,0.00,0.00,0.00,45,-2232,60667,0,2232
332,277,20,0,False,2024-12-14T15:00:00Z,1,2,16,0,0,0,0,0,0,0,0,0,0,0,0,0,0.0,0.0,0.0,0.0,0,0.00,0.00,0.00,0.00,44,941,32378,2384,1443
333,278,20,2,False,2024-12-14T15:00:00Z,1,2,16,90,0,0,0,1,0,0,0,0,0,0,0,12,14.2,13.3,2.0,3.0,1,0.00,0.02,0.02,1.27,49,149,23046,1990,1841
334,279,20,0,False,2024-12-14T15:00:00Z,1,2,16,0,0,0,0,0,0,0,0,0,0,0,0,0,0.0,0.0,0.0,0.0,0,0.00,0.00,0.00,0.00,40,-7,461,0,7
335,280,20,0,False,2024-12-14T15:00:00Z,1,2,16,0,0,0,0,0,0,0,0,0,0,0,0,0,0.0,0.0,0.0,0.0,0,0.00,0.00,0.00,0.00,40,-171,71906,1185,1356
336,281,20,6,False,2024-12-14T15:00:00Z,1,2,16,15,1,0,0,0,0,0,0,1,0,0,1,21,34.6,0.8,17.0,5.2,0,0.11,0.01,0.12,0.75,48,52,2628,128,76
337,282,20,0,False,2024-12-14T15:00:00Z,1,2,16,0,0,0,0,0,0,0,0,0,0,0,0,0,0.0,0.0,0.0,0.0,0,0.00,0.00,0.00,0.00,40,-16530,211649,444,16974
338,283,20,0,False,2024-12-14T15:00:00Z,1,2,16,0,0,0,0,0,0,0,0,0,0,0,0,0,0.0,0.0,0.0,0.0,0,0.00,0.00,0.00,0.00,43,-82,18499,350,432
339,284,20,0,False,2024-12-14T15:00:00Z,1,2,16,0,0,0,0,0,0,0,0,0,0,0,0,0,0.0,0.0,0.0,0.0,0,0.00,0.00,0.00,0.00,40,-3255,168254,510,3765
340,359,20,0,False,2024-12-14T15:00:00Z,1,2,16,0,0,0,0,0,0,0,0,0,0,0,0,0,0.0,0.0,0.0,0.0,0,0.00,0.00,0.00,0.00,48,-19,6076,181,200
341,568,20,5,False,2024-12-14T15:00:00Z,1,2,16,90,0,0,0,1,0,0,0,0,0,5,2,23,42.8,0.0,0.0,4.3,1,0.00,0.00,0.00,1.27,44,1621,123966,7178,5557
342,583,20,0,False,2024-12-14T15:00:00Z,1,2,16,0,0,0,0,0,0,0,0,0,0,0,0,0,0.0,0.0,0.0,0.0,0,0.00,0.00,0.00,0.00,40,-404,42128,682,1086
343,611,20,0,False,2024-12-14T15:00:00Z,1,2,16,0,0,0,0,0,0,0,0,0,0,0,0,0,0.0,0.0,0.0,0.0,0,0.00,0.00,0.00,0.00,58,-2722,40076,3680,6402
344,619,20,2,False,2024-12-14T15:00:00Z,1,2,16,74,0,0,0,1,0,0,0,0,0,0,0,19,10.6,12.4,0.0,2.3,1,0.00,0.02,0.02,0.52,45,1040,12861,2199,1159
345,630,20,2,False,2024-12-14T15:00:00Z,1,2,16,90,0,0,0,1,0,0,0,0,0,0,0,8,14.8,0.4,4.0,1.9,1,0.00,0.00,0.00,1.27,40,27596,205314,35740,8144
346,631,20,4,False,2024-12-14T15:00:00Z,1,2,16,15,0,1,0,0,0,0,0,0,0,0,0,12,21.0,15.1,6.0,4.2,0,0.04,0.09,0.13,0.75,55,-100,4354,221,321
347,632,20,0,False,2024-12-14T15:00:00Z,1,2,16,0,0,0,0,0,0,0,0,0,0,0,0,0,0.0,0.0,0.0,0.0,0,0.00,0.00,0.00,0.00,49,5,922,47,42
348,117,15,1,False,2024-12-14T15:00:00Z,4,0,16,31,0,0,0,1,0,0,0,0,0,0,0,-1,1.0,1.0,0.0,0.2,0,0.00,0.00,0.00,0.51,50,-10313,123310,6684,16997
349,192,15,0,False,2024-12-14T15:00:00Z,4,0,16,0,0,0,0,0,0,0,0,0,0,0,0,0,0.0,0.0,0.0,0.0,0,0.00,0.00,0.00,0.00,52,-1009,24690,1170,2179
350,198,15,0,False,2024-12-14T15:00:00Z,4,0,16,0,0,0,0,0,0,0,0,0,0,0,0,0,0.0,0.0,0.0,0.0,0,0.00,0.00,0.00,0.00,51,-404,25873,987,1391
351,285,15,0,False,2024-12-14T15:00:00Z,4,0,16,0,0,0,0,0,0,0,0,0,0,0,0,0,0.0,0.0,0.0,0.0,0,0.00,0.00,0.00,0.00,44,-7041,48318,2087,9128
352,286,15,0,False,2024-12-14T15:00:00Z,4,0,16,0,0,0,0,0,0,0,0,0,0,0,0,0,0.0,0.0,0.0,0.0,0,0.00,0.00,0.00,0.00,45,-1406,44015,0,1406
353,287,15,1,False,2024-12-14T15:00:00Z,4,0,16,58,0,0,0,3,0,0,0,0,0,0,0,9,10.0,12.3,0.0,2.2,1,0.00,0.02,0.02,3.28,43,51137,126470,60747,9610
354,288,15,0,False,2024-12-14T15:00:00Z,4,0,16,90,0,0,0,4,0,0,0,0,0,0,0,-7,15.4,4.7,0.0,2.0,1,0.00,0.00,0.00,3.79,40,3863,41755,5368,1505
355,289,15,1,False,2024-12-14T15:00:00Z,4,0,16,31,0,0,0,1,0,0,0,0,0,0,0,1,10.0,0.0,0.0,1.0,0,0.00,0.00,0.00,0.51,48,17914,75670,26195,8281
356,290,15,1,False,2024-12-14T15:00:00Z,4,0,16,8,0,0,0,0,0,0,0,0,0,0,0,3,0.4,0.1,0.0,0.1,0,0.00,0.00,0.00,0.16,52,1930,8662,2278,348
357,291,15,0,False,2024-12-14T15:00:00Z,4,0,16,0,0,0,0,0,0,0,0,0,0,0,0,0,0.0,0.0,0.0,0.0,0,0.00,0.00,0.00,0.00,41,-41305,1160143,17228,58533
358,292,15,0,False,2024-12-14T15:00:00Z,4,0,16,0,0,0,0,0,0,0,0,0,0,0,0,0,0.0,0.0,0.0,0.0,0,0.00,0.00,0.00,0.00,44,-885,26794,810,1695
359,293,15,2,False,2024-12-14T15:00:00Z,4,0,16,45,0,0,0,1,0,0,0,0,0,4,0,8,24.2,0.0,0.0,2.4,1,0.00,0.00,0.00,1.50,45,-621,88223,3986,4607
360,294,15,0,False,2024-12-14T15:00:00Z,4,0,16,0,0,0,0,0,0,0,0,0,0,0,0,0,0.0,0.0,0.0,0.0,0,0.00,0.00,0.00,0.00,40,-642,60385,600,1242
361,295,15,0,False,2024-12-14T15:00:00Z,4,0,16,90,0,0,0,4,0,0,0,0,0,0,0,-4,25.0,13.8,0.0,3.9,1,0.00,0.11,0.11,3.79,44,-24924,283504,3599,28523
362,296,15,0,False,2024-12-14T15:00:00Z,4,0,16,90,0,0,0,4,0,0,0,0,0,0,0,-9,18.2,5.3,0.0,2.4,1,0.00,0.02,0.02,3.79,45,188,14409,958,770
363,297,15,0,False,2024-12-14T15:00:00Z,4,0,16,0,0,0,0,0,0,0,0,0,0,0,0,0,0.0,0.0,0.0,0.0,0,0.00,0.00,0.00,0.00,45,-35,1630,0,35
364,298,15,1,False,2024-12-14T15:00:00Z,4,0,16,58,0,0,0,3,0,0,0,0,0,0,0,5,1.4,4.3,2.0,0.8,1,0.00,0.03,0.03,3.28,52,-4237,44395,626,4863
365,299,15,2,False,2024-12-14T15:00:00Z,4,0,16,90,0,0,0,4,0,0,0,0,0,0,0,8,4.8,2.3,23.0,3.0,1,0.05,0.03,0.08,3.79,47,1115,8276,1933,818
366,300,15,0,False,2024-12-14T15:00:00Z,4,0,16,0,0,0,0,0,0,0,0,0,0,0,0,0,0.0,0.0,0.0,0.0,0,0.00,0.00,0.00,0.00,50,-5901,31425,274,6175
367,301,15,0,False,2024-12-14T15:00:00Z,4,0,16,31,0,0,0,1,0,0,0,1,0,0,0,-2,3.8,0.1,0.0,0.4,0,0.00,0.00,0.00,0.51,40,-4453,110430,2638,7091
368,302,15,0,False,2024-12-14T15:00:00Z,4,0,16,0,0,0,0,0,0,0,0,0,0,0,0,0,0.0,0.0,0.0,0.0,0,0.00,0.00,0.00,0.00,42,-377,9463,84,461
369,303,15,0,False,2024-12-14T15:00:00Z,4,0,16,0,0,0,0,0,0,0,0,0,0,0,0,0,0.0,0.0,0.0,0.0,0,0.00,0.00,0.00,0.00,40,-27,982,0,27
370,304,15,0,False,2024-12-14T15:00:00Z,4,0,16,0,0,0,0,0,0,0,0,0,0,0,0,0,0.0,0.0,0.0,0.0,0,0.00,0.00,0.00,0.00,40,55,4399,188,133
371,305,15,0,False,2024-12-14T15:00:00Z,4,0,16,0,0,0,0,0,0,0,0,0,0,0,0,0,0.0,0.0,0.0,0.0,0,0.00,0.00,0.00,0.00,39,15183,192504,22589,7406
372,306,15,1,False,2024-12-14T15:00:00Z,4,0,16,58,0,0,0,3,0,0,0,0,0,0,0,4,1.6,0.7,7.0,0.9,1,0.06,0.00,0.06,3.28,56,140431,996695,172700,32269
373,307,15,-1,False,2024-12-14T15:00:00Z,4,0,16,90,0,0,0,4,0,0,0,1,0,0,0,-1,30.6,2.6,2.0,3.5,1,0.00,0.01,0.01,3.79,40,-808,194486,4052,4860
374,308,15,1,False,2024-12-14T15:00:00Z,4,0,16,45,0,0,0,3,0,0,0,0,0,3,0,-1,22.8,0.0,0.0,2.3,0,0.00,0.00,0.00,2.29,40,-2930,218549,1339,4269
375,309,15,0,False,2024-12-14T15:00:00Z,4,0,16,0,0,0,0,0,0,0,0,0,0,0,0,0,0.0,0.0,0.0,0.0,0,0.00,0.00,0.00,0.00,45,-91064,824254,1985,93049
376,501,15,1,False,2024-12-14T15:00:00Z,4,0,16,90,0,0,0,4,0,0,0,1,0,0,0,7,0.2,9.4,4.0,1.4,1,0.02,0.01,0.03,3.79,48,-18,4477,139,157
377,570,15,0,False,2024-12-14T15:00:00Z,4,0,16,0,0,0,0,0,0,0,0,0,0,0,0,0,0.0,0.0,0.0,0.0,0,0.00,0.00,0.00,0.00,52,-1204,23383,64,1268
378,606,15,0,False,2024-12-14T15:00:00Z,4,0,16,0,0,0,0,0,0,0,0,0,0,0,0,0,0.0,0.0,0.0,0.0,0,0.00,0.00,0.00,0.00,45,-78,10038,317,395
379,616,15,0,False,2024-12-14T15:00:00Z,4,0,16,0,0,0,0,0,0,0,0,0,0,0,0,0,0.0,0.0,0.0,0.0,0,0.00,0.00,0.00,0.00,40,-39,2181,0,39
380,635,15,2,False,2024-12-14T15:00:00Z,4,0,16,81,0,0,0,4,0,0,0,0,0,0,0,14,14.6,12.2,4.0,3.1,1,0.05,0.10,0.15,3.63,48,4026,29936,8517,4491
381,310,9,1,True,2024-12-14T15:00:00Z,2,2,16,90,0,0,0,2,0,0,0,0,0,1,0,9,13.0,0.0,0.0,1.3,1,0.00,0.00,0.00,1.22,54,69073,594090,80451,11378
382,311,9,1,True,2024-12-14T15:00:00Z,2,2,16,78,0,0,0,2,0,0,0,0,0,0,0,7,20.0,17.3,0.0,3.7,1,0.00,0.08,0.08,1.16,70,139450,2422815,179619,40169
383,312,9,0,True,2024-12-14T15:00:00Z,2,2,16,0,0,0,0,0,0,0,0,0,0,0,0,0,0.0,0.0,0.0,0.0,0,0.00,0.00,0.00,0.00,45,-139,4260,0,139
384,313,9,0,True,2024-12-14T15:00:00Z,2,2,16,0,0,0,0,0,0,0,0,0,0,0,0,0,0.0,0.0,0.0,0.0,0,0.00,0.00,0.00,0.00,47,-4157,29281,82,4239
385,315,9,0,True,2024-12-14T15:00:00Z,2,2,16,0,0,0,0,0,0,0,0,0,0,0,0,0,0.0,0.0,0.0,0.0,0,0.00,0.00,0.00,0.00,45,-28,1610,0,28
386,316,9,3,True,2024-12-14T15:00:00Z,2,2,16,20,0,1,0,1,0,0,0,1,0,0,0,14,15.2,11.1,8.0,3.4,0,0.11,0.02,0.13,0.35,71,-7540,236480,5805,13345
387,317,9,8,True,2024-12-14T15:00:00Z,2,2,16,11,1,0,0,0,0,0,0,0,0,0,2,28,41.8,22.4,30.0,9.4,0,0.38,0.22,0.60,0.06,72,-6904,290892,1269,8173
388,318,9,0,True,2024-12-14T15:00:00Z,2,2,16,0,0,0,0,0,0,0,0,0,0,0,0,0,0.0,0.0,0.0,0.0,0,0.00,0.00,0.00,0.00,45,-47,1914,0,47
389,319,9,1,True,2024-12-14T15:00:00Z,2,2,16,11,0,0,0,0,0,0,0,0,0,0,0,4,7.8,29.8,4.0,4.2,0,0.04,0.07,0.11,0.06,52,32,24096,445,413
390,320,9,0,True,2024-12-14T15:00:00Z,2,2,16,0,0,0,0,0,0,0,0,0,0,0,0,0,0.0,0.0,0.0,0.0,0,0.00,0.00,0.00,0.00,47,-226,15014,361,587
391,321,9,9,True,2024-12-14T15:00:00Z,2,2,16,69,1,0,0,1,0,0,0,0,0,0,3,37,45.6,12.4,69.0,12.7,1,0.58,0.01,0.59,0.88,71,5546,301531,25364,19818
392,322,9,1,True,2024-12-14T15:00:00Z,2,2,16,90,0,0,0,2,0,0,0,0,0,0,0,4,18.0,4.5,4.0,2.7,1,0.03,0.02,0.05,1.22,49,36096,228884,43756,7660
393,323,9,2,True,2024-12-14T15:00:00Z,2,2,16,90,0,0,0,2,0,0,0,0,0,0,0,14,20.8,3.4,0.0,2.4,1,0.00,0.06,0.06,1.22,50,-2790,96879,5298,8088
394,324,9,1,True,2024-12-14T15:00:00Z,2,2,16,69,0,0,0,1,0,0,0,1,0,0,0,9,0.8,4.4,7.0,1.2,1,0.04,0.02,0.06,0.88,53,2712,74118,10423,7711
395,325,9,0,True,2024-12-14T15:00:00Z,2,2,16,0,0,0,0,0,0,0,0,0,0,0,0,0,0.0,0.0,0.0,0.0,0,0.00,0.00,0.00,0.00,46,-21886,517243,74419,96305
396,326,9,0,True,2024-12-14T15:00:00Z,2,2,16,0,0,0,0,0,0,0,0,0,0,0,0,0,0.0,0.0,0.0,0.0,0,0.00,0.00,0.00,0.00,52,-159857,504095,515,160372
397,327,9,1,True,2024-12-14T15:00:00Z,2,2,16,90,0,0,0,2,0,0,0,1,0,0,0,0,1.0,16.7,11.0,2.9,1,0.64,0.04,0.68,1.22,74,-128232,1762332,41326,169558
398,328,9,5,True,2024-12-14T15:00:00Z,2,2,16,90,0,1,0,2,0,0,0,0,0,0,0,14,17.6,19.9,35.0,7.3,1,0.22,0.37,0.59,1.22,134,345639,6904881,360514,14875
399,329,9,0,True,2024-12-14T15:00:00Z,2,2,16,0,0,0,0,0,0,0,0,0,0,0,0,0,0.0,0.0,0.0,0.0,0,0.00,0.00,0.00,0.00,62,-9874,139394,208,10082
400,330,9,0,True,2024-12-14T15:00:00Z,2,2,16,0,0,0,0,0,0,0,0,0,0,0,0,0,0.0,0.0,0.0,0.0,0,0.00,0.00,0.00,0.00,44,-122,6741,303,425
401,331,9,0,True,2024-12-14T15:00:00Z,2,2,16,0,0,0,0,0,0,0,0,0,0,0,0,0,0.0,0.0,0.0,0.0,0,0.00,0.00,0.00,0.00,44,-884,16114,423,1307
402,332,9,0,True,2024-12-14T15:00:00Z,2,2,16,0,0,0,0,0,0,0,0,0,0,0,0,0,0.0,0.0,0.0,0.0,0,0.00,0.00,0.00,0.00,40,-150,8032,0,150
403,333,9,1,True,2024-12-14T15:00:00Z,2,2,16,20,0,0,0,1,0,0,0,0,0,0,0,-1,5.8,0.9,0.0,0.7,0,0.00,0.00,0.00,0.35,39,21747,183167,30235,8488
404,334,9,0,True,2024-12-14T15:00:00Z,2,2,16,0,0,0,0,0,0,0,0,0,0,0,0,0,0.0,0.0,0.0,0.0,0,0.00,0.00,0.00,0.00,40,-134,6141,0,134
405,335,9,-3,True,2024-12-14T15:00:00Z,2,2,16,16,0,0,0,2,0,0,0,0,1,0,0,-13,0.0,0.3,0.0,0.0,1,0.00,0.00,0.00,0.11,59,22024,647379,45541,23517
406,336,9,2,True,2024-12-14T15:00:00Z,2,2,16,78,0,0,0,2,0,0,0,0,0,0,0,24,15.4,36.7,2.0,5.4,1,0.00,0.44,0.44,1.16,63,-941,167051,6889,7830
407,337,9,0,True,2024-12-14T15:00:00Z,2,2,16,0,0,0,0,0,0,0,0,0,0,0,0,0,0.0,0.0,0.0,0.0,0,0.00,0.00,0.00,0.00,46,-1771,18680,35,1806
408,339,9,1,True,2024-12-14T15:00:00Z,2,2,16,90,0,0,0,2,0,0,0,0,0,0,0,5,11.2,2.2,5.0,1.8,1,0.09,0.02,0.11,1.22,64,98589,2798143,152863,54274
409,636,9,0,True,2024-12-14T15:00:00Z,2,2,16,0,0,0,0,0,0,0,0,0,0,0,0,0,0.0,0.0,0.0,0.0,0,0.00,0.00,0.00,0.00,68,-278,14958,110,388
410,660,9,0,True,2024-12-14T15:00:00Z,2,2,16,0,0,0,0,0,0,0,0,0,0,0,0,0,0.0,0.0,0.0,0.0,0,0.00,0.00,0.00,0.00,40,-822,22068,295,1117
411,669,9,0,True,2024-12-14T15:00:00Z,2,2,16,0,0,0,0,0,0,0,0,0,0,0,0,0,0.0,0.0,0.0,0.0,0,0.00,0.00,0.00,0.00,40,14,1229,135,121
412,340,14,0,True,2024-12-15T16:30:00Z,1,2,16,0,0,0,0,0,0,0,0,0,0,0,0,0,0.0,0.0,0.0,0.0,0,0.00,0.00,0.00,0.00,53,-39970,315283,132,40102
413,341,14,0,True,2024-12-15T16:30:00Z,1,2,16,0,0,0,0,0,0,0,0,0,0,0,0,0,0.0,0.0,0.0,0.0,0,0.00,0.00,0.00,0.00,53,-5985,94623,114,6099
414,342,14,2,True,2024-12-15T16:30:00Z,1,2,16,90,0,0,0,2,0,0,0,0,0,0,0,13,7.6,0.9,4.0,1.3,1,0.00,0.00,0.00,2.08,63,-13888,390075,11902,25790
415,343,14,0,True,2024-12-15T16:30:00Z,1,2,16,0,0,0,0,0,0,0,0,0,0,0,0,0,0.0,0.0,0.0,0.0,0,0.00,0.00,0.00,0.00,47,-114,6293,70,184
416,344,14,0,True,2024-12-15T16:30:00Z,1,2,16,0,0,0,0,0,0,0,0,0,0,0,0,0,0.0,0.0,0.0,0.0,0,0.00,0.00,0.00,0.00,40,-232,21624,288,520
417,345,14,6,True,2024-12-15T16:30:00Z,1,2,16,67,0,1,1,0,0,0,0,0,0,0,0,22,1.8,3.8,8.0,1.4,1,0.06,0.03,0.09,0.21,95,-77953,550490,21555,99508
418,346,14,3,True,2024-12-15T16:30:00Z,1,2,16,76,0,0,1,0,0,0,0,0,0,0,0,7,10.6,20.4,13.0,4.4,1,0.02,0.07,0.09,0.67,62,-17362,193868,7765,25127
419,347,14,1,True,2024-12-15T16:30:00Z,1,2,16,90,0,0,0,2,0,0,0,0,0,1,0,5,13.4,0.0,0.0,1.3,1,0.00,0.00,0.00,2.08,54,-56040,697801,1991,58031
420,348,14,2,True,2024-12-15T16:30:00Z,1,2,16,90,0,0,0,2,0,0,0,0,0,0,0,15,8.8,35.8,18.0,6.3,1,0.19,0.25,0.44,2.08,91,-21818,425020,1065,22883
421,349,14,1,True,2024-12-15T16:30:00Z,1,2,16,13,0,0,0,2,0,0,0,0,0,0,0,2,1.0,1.3,0.0,0.2,0,0.00,0.00,0.00,1.41,64,-1357,24541,879,2236
422,350,14,7,True,2024-12-15T16:30:00Z,1,2,16,90,1,0,0,2,0,0,0,0,0,0,0,20,51.6,3.3,17.0,7.2,1,0.08,0.02,0.10,2.08,61,-295549,2612681,20332,315881
423,351,14,2,True,2024-12-15T16:30:00Z,1,2,16,90,0,0,0,2,0,0,0,0,0,0,0,7,6.0,10.9,7.0,2.4,1,0.14,0.01,0.15,2.08,149,-399119,4340456,13162,412281
424,352,14,0,True,2024-12-15T16:30:00Z,1,2,16,0,0,0,0,0,0,0,0,0,0,0,0,0,0.0,0.0,0.0,0.0,0,0.00,0.00,0.00,0.00,70,-59,10312,0,59
425,353,14,0,True,2024-12-15T16:30:00Z,1,2,16,0,0,0,0,0,0,0,0,0,0,0,0,0,0.0,0.0,0.0,0.0,0,0.00,0.00,0.00,0.00,53,-174,23582,0,174
426,354,14,1,True,2024-12-15T16:30:00Z,1,2,16,22,0,0,0,2,0,0,0,0,0,0,0,4,5.6,12.6,2.0,2.0,0,0.00,0.23,0.23,1.86,54,-12147,139958,870,13017
427,355,14,0,True,2024-12-15T16:30:00Z,1,2,16,0,0,0,0,0,0,0,0,0,0,0,0,0,0.0,0.0,0.0,0.0,0,0.00,0.00,0.00,0.00,46,-332536,850919,3341,335877
428,356,14,2,True,2024-12-15T16:30:00Z,1,2,16,90,0,0,0,2,0,0,0,0,0,0,0,15,4.6,10.2,2.0,1.7,1,0.00,0.04,0.04,2.08,49,195,20721,2748,2553
429,357,14,0,True,2024-12-15T16:30:00Z,1,2,16,0,0,0,0,0,0,0,0,0,0,0,0,0,0.0,0.0,0.0,0.0,0,0.00,0.00,0.00,0.00,46,38,4584,322,284
430,358,14,0,True,2024-12-15T16:30:00Z,1,2,16,0,0,0,0,0,0,0,0,0,0,0,0,0,0.0,0.0,0.0,0.0,0,0.00,0.00,0.00,0.00,52,-2446,61763,1479,3925
431,360,14,0,True,2024-12-15T16:30:00Z,1,2,16,0,0,0,0,0,0,0,0,0,0,0,0,0,0.0,0.0,0.0,0.0,0,0.00,0.00,0.00,0.00,63,-884,92842,116,1000
432,361,14,1,True,2024-12-15T16:30:00Z,1,2,16,90,0,0,0,2,0,0,0,0,0,0,0,5,10.6,1.5,7.0,1.9,1,0.48,0.01,0.49,2.08,54,-5834,332372,12045,17879
433,362,14,0,True,2024-12-15T16:30:00Z,1,2,16,0,0,0,0,0,0,0,0,0,0,0,0,0,0.0,0.0,0.0,0.0,0,0.00,0.00,0.00,0.00,53,-11009,145031,120,11129
434,363,14,0,True,2024-12-15T16:30:00Z,1,2,16,90,0,0,0,2,0,0,0,1,0,0,0,-1,14.0,3.3,0.0,1.7,1,0.00,0.03,0.03,2.08,52,-5919,380775,6755,12674
435,571,14,1,True,2024-12-15T16:30:00Z,1,2,16,1,0,0,0,1,0,0,0,0,0,0,0,2,2.0,1.8,0.0,0.4,0,0.00,0.00,0.00,0.54,65,-10307,95686,1411,11718
436,607,14,0,True,2024-12-15T16:30:00Z,1,2,16,0,0,0,0,0,0,0,0,0,0,0,0,0,0.0,0.0,0.0,0.0,0,0.00,0.00,0.00,0.00,49,-12,1720,26,38
437,625,14,2,True,2024-12-15T16:30:00Z,1,2,16,88,0,0,0,1,0,0,0,0,0,0,0,14,12.2,18.5,4.0,3.5,1,0.00,0.03,0.03,1.53,65,-3968,50283,1665,5633
438,626,14,0,True,2024-12-15T16:30:00Z,1,2,16,0,0,0,0,0,0,0,0,0,0,0,0,0,0.0,0.0,0.0,0.0,0,0.00,0.00,0.00,0.00,45,-4,571,0,4
439,671,14,0,True,2024-12-15T16:30:00Z,1,2,16,0,0,0,0,0,0,0,0,0,0,0,0,0,0.0,0.0,0.0,0.0,0,0.00,0.00,0.00,0.00,45,25,1039,152,127
440,672,14,0,True,2024-12-15T16:30:00Z,1,2,16,0,0,0,0,0,0,0,0,0,0,0,0,0,0.0,0.0,0.0,0.0,0,0.00,0.00,0.00,0.00,40,174,2555,423,249
441,675,14,0,True,2024-12-15T16:30:00Z,1,2,16,0,0,0,0,0,0,0,0,0,0,0,0,0,0.0,0.0,0.0,0.0,0,0.00,0.00,0.00,0.00,40,101,1547,256,155
442,364,13,13,False,2024-12-15T16:30:00Z,1,2,16,90,1,1,0,1,0,0,0,0,0,0,3,51,47.0,11.8,55.0,11.4,1,0.67,0.07,0.74,0.95,51,67765,806772,108422,40657
443,365,13,1,False,2024-12-15T16:30:00Z,1,2,16,12,0,0,0,0,0,0,0,0,0,0,0,2,1.4,0.8,0.0,0.2,0,0.00,0.01,0.01,0.00,57,-175,22208,475,650
444,366,13,9,False,2024-12-15T16:30:00Z,1,2,16,90,1,0,0,1,0,0,0,0,0,0,2,35,51.8,41.0,23.0,11.6,1,1.24,0.13,1.37,0.95,84,-183733,1519726,41055,224788
445,367,13,0,False,2024-12-15T16:30:00Z,1,2,16,0,0,0,0,0,0,0,0,0,0,0,0,0,0.0,0.0,0.0,0.0,0,0.00,0.00,0.00,0.00,43,-90,9497,115,205
446,368,13,0,False,2024-12-15T16:30:00Z,1,2,16,0,0,0,0,0,0,0,0,0,0,0,0,0,0.0,0.0,0.0,0.0,0,0.00,0.00,0.00,0.00,48,-7790,66117,1553,9343
447,369,13,2,False,2024-12-15T16:30:00Z,1,2,16,90,0,0,0,1,0,0,0,0,0,0,0,1,2.2,4.0,2.0,0.8,1,0.00,0.02,0.02,0.95,52,-112363,1100185,15046,127409
448,370,13,0,False,2024-12-15T16:30:00Z,1,2,16,0,0,0,0,0,0,0,0,0,0,0,0,0,0.0,0.0,0.0,0.0,0,0.00,0.00,0.00,0.00,53,-738,20825,291,1029
449,371,13,0,False,2024-12-15T16:30:00Z,1,2,16,0,0,0,0,0,0,0,0,0,0,0,0,0,0.0,0.0,0.0,0.0,0,0.00,0.00,0.00,0.00,44,-977,10986,17,994
450,372,13,0,False,2024-12-15T16:30:00Z,1,2,16,0,0,0,0,0,0,0,0,0,0,0,0,0,0.0,0.0,0.0,0.0,0,0.00,0.00,0.00,0.00,62,-112041,819109,6798,118839
451,373,13,0,False,2024-12-15T16:30:00Z,1,2,16,0,0,0,0,0,0,0,0,0,0,0,0,0,0.0,0.0,0.0,0.0,0,0.00,0.00,0.00,0.00,45,-100,4074,0,100
452,374,13,0,False,2024-12-15T16:30:00Z,1,2,16,0,0,0,0,0,0,0,0,0,0,0,0,0,0.0,0.0,0.0,0.0,0,0.00,0.00,0.00,0.00,40,-285,24948,190,475
453,375,13,1,False,2024-12-15T16:30:00Z,1,2,16,77,0,0,0,1,0,0,0,1,0,0,0,6,1.2,13.8,2.0,1.7,1,0.00,0.20,0.20,0.95,69,8662,168892,24346,15684
454,376,13,1,False,2024-12-15T16:30:00Z,1,2,16,1,0,0,0,0,0,0,0,0,0,0,0,3,2.0,0.0,0.0,0.2,0,0.00,0.00,0.00,0.00,43,-132,8234,72,204
455,377,13,2,False,2024-12-15T16:30:00Z,1,2,16,90,0,0,0,1,0,0,0,0,0,0,0,11,22.4,0.3,0.0,2.3,1,0.00,0.00,0.00,0.95,49,-223,46105,730,953
456,378,13,2,False,2024-12-15T16:30:00Z,1,2,16,76,0,0,0,1,0,0,0,0,0,0,0,7,13.8,14.7,10.0,3.9,0,0.07,0.01,0.08,0.95,52,-1673,219024,2156,3829
457,379,13,0,False,2024-12-15T16:30:00Z,1,2,16,0,0,0,0,0,0,0,0,0,0,0,0,0,0.0,0.0,0.0,0.0,0,0.00,0.00,0.00,0.00,44,14,2160,305,291
458,380,13,6,False,2024-12-15T16:30:00Z,1,2,16,90,0,1,0,1,0,0,0,0,0,0,1,24,37.6,29.7,2.0,6.9,1,0.03,0.40,0.43,0.95,44,-8833,387531,7225,16058
459,381,13,0,False,2024-12-15T16:30:00Z,1,2,16,0,0,0,0,0,0,0,0,0,0,0,0,0,0.0,0.0,0.0,0.0,0,0.00,0.00,0.00,0.00,49,-194,16347,0,194
460,382,13,1,False,2024-12-15T16:30:00Z,1,2,16,13,0,0,0,0,0,0,0,0,0,0,0,3,0.0,0.4,0.0,0.0,1,0.00,0.00,0.00,0.00,63,-311,12970,292,603
461,383,13,2,False,2024-12-15T16:30:00Z,1,2,16,90,0,0,0,1,0,0,0,0,0,2,0,10,12.4,0.0,0.0,1.2,1,0.00,0.00,0.00,0.95,52,-71665,1051198,22718,94383
462,384,13,0,False,2024-12-15T16:30:00Z,1,2,16,0,0,0,0,0,0,0,0,0,0,0,0,0,0.0,0.0,0.0,0.0,0,0.00,0.00,0.00,0.00,50,-5,816,0,5
463,385,13,0,False,2024-12-15T16:30:00Z,1,2,16,0,0,0,0,0,0,0,0,0,0,0,0,0,0.0,0.0,0.0,0.0,0,0.00,0.00,0.00,0.00,69,-130904,463678,12664,143568
464,387,13,0,False,2024-12-15T16:30:00Z,1,2,16,0,0,0,0,0,0,0,0,0,0,0,0,0,0.0,0.0,0.0,0.0,0,0.00,0.00,0.00,0.00,49,-1105,19388,64,1169
465,389,13,1,False,2024-12-15T16:30:00Z,1,2,16,12,0,0,0,0,0,0,0,0,0,0,0,1,0.0,0.0,0.0,0.0,0,0.00,0.00,0.00,0.00,66,-16468,192293,2146,18614
466,572,13,1,False,2024-12-15T16:30:00Z,1,2,16,11,0,0,0,0,0,0,0,0,0,0,0,3,4.6,0.0,0.0,0.5,0,0.00,0.00,0.00,0.00,43,3815,23133,5326,1511
467,593,13,2,False,2024-12-15T16:30:00Z,1,2,16,78,0,0,0,1,0,0,0,0,0,0,0,9,9.6,1.0,8.0,1.9,1,0.03,0.01,0.04,0.95,50,-37562,515731,8603,46165
468,594,13,2,False,2024-12-15T16:30:00Z,1,2,16,77,0,0,0,1,0,0,0,0,0,0,0,6,23.6,3.4,0.0,2.7,1,0.00,0.01,0.01,0.95,47,-139829,1810592,33842,173671
469,613,13,0,False,2024-12-15T16:30:00Z,1,2,16,0,0,0,0,0,0,0,0,0,0,0,0,0,0.0,0.0,0.0,0.0,0,0.00,0.00,0.00,0.00,45,-124,4896,71,195
470,648,13,0,False,2024-12-15T16:30:00Z,1,2,16,0,0,0,0,0,0,0,0,0,0,0,0,0,0.0,0.0,0.0,0.0,0,0.00,0.00,0.00,0.00,45,-2458,203640,9411,11869
471,652,13,2,False,2024-12-15T16:30:00Z,1,2,16,90,0,0,0,1,0,0,0,0,0,0,0,11,10.6,12.7,1.0,2.4,1,0.03,0.01,0.04,0.95,49,-407,10193,642,1049
472,667,13,0,False,2024-12-15T16:30:00Z,1,2,16,0,0,0,0,0,0,0,0,0,0,0,0,0,0.0,0.0,0.0,0.0,0,0.00,0.00,0.00,0.00,45,-2,776,61,63
473,670,13,0,False,2024-12-15T16:30:00Z,1,2,16,0,0,0,0,0,0,0,0,0,0,0,0,0,0.0,0.0,0.0,0.0,0,0.00,0.00,0.00,0.00,40,55,2607,275,220
474,673,13,0,False,2024-12-15T16:30:00Z,1,2,16,0,0,0,0,0,0,0,0,0,0,0,0,0,0.0,0.0,0.0,0.0,0,0.00,0.00,0.00,0.00,45,0,347,42,42
475,390,11,0,True,2024-12-14T15:00:00Z,4,0,16,0,0,0,0,0,0,0,0,0,0,0,0,0,0.0,0.0,0.0,0.0,0,0.00,0.00,0.00,0.00,40,-750,91487,2269,3019
476,391,11,0,True,2024-12-14T15:00:00Z,4,0,16,0,0,0,0,0,0,0,0,0,0,0,0,0,0.0,0.0,0.0,0.0,0,0.00,0.00,0.00,0.00,55,-435,41714,1147,1582
477,392,11,1,True,2024-12-14T15:00:00Z,4,0,16,26,0,0,0,0,0,0,0,0,0,0,0,10,10.2,16.3,36.0,6.3,0,0.15,0.23,0.38,0.00,62,16169,234524,30216,14047
478,393,11,0,True,2024-12-14T15:00:00Z,4,0,16,0,0,0,0,0,0,0,0,0,0,0,0,0,0.0,0.0,0.0,0.0,0,0.00,0.00,0.00,0.00,44,-12,1410,47,59
479,394,11,7,True,2024-12-14T15:00:00Z,4,0,16,63,1,0,1,0,0,0,0,1,0,0,0,22,34.4,16.1,44.0,9.5,1,0.83,0.22,1.05,0.19,61,572,179207,8011,7439
480,395,11,6,True,2024-12-14T15:00:00Z,4,0,16,90,0,0,1,0,0,0,0,0,0,0,0,26,10.6,1.3,9.0,2.1,1,0.13,0.01,0.14,0.19,44,4549,744288,26597,22048
481,396,11,6,True,2024-12-14T15:00:00Z,4,0,16,90,0,0,1,0,0,0,0,0,0,1,0,21,12.4,0.0,0.0,1.2,1,0.00,0.00,0.00,0.19,42,5974,60329,7562,1588
482,398,11,6,True,2024-12-14T15:00:00Z,4,0,16,80,0,1,1,0,0,0,0,0,0,0,0,29,39.0,49.3,41.0,12.9,1,0.09,0.41,0.50,0.19,72,21661,966123,76311,54650
483,399,11,15,True,2024-12-14T15:00:00Z,4,0,16,90,0,2,1,0,0,0,0,0,0,0,3,59,43.6,64.0,16.0,12.4,1,0.14,0.64,0.78,0.19,45,71062,809489,93348,22286
484,400,11,0,True,2024-12-14T15:00:00Z,4,0,16,0,0,0,0,0,0,0,0,0,0,0,0,0,0.0,0.0,0.0,0.0,0,0.00,0.00,0.00,0.00,44,320,8600,717,397
485,401,11,11,True,2024-12-14T15:00:00Z,4,0,16,72,1,1,1,0,0,0,0,0,0,0,2,54,66.6,43.0,79.0,18.9,1,1.42,0.22,1.64,0.19,86,629678,2657925,654278,24600
486,402,11,13,True,2024-12-14T15:00:00Z,4,0,16,63,2,0,1,0,0,0,0,1,0,0,1,41,69.8,26.9,44.0,14.1,1,0.59,0.10,0.69,0.19,49,6699,38301,8402,1703
487,403,11,2,True,2024-12-14T15:00:00Z,4,0,16,90,0,0,1,0,0,0,0,1,0,0,0,18,17.0,28.8,23.0,6.9,1,0.19,0.21,0.40,0.19,60,-6224,155103,4300,10524
488,404,11,0,True,2024-12-14T15:00:00Z,4,0,16,0,0,0,0,0,0,0,0,0,0,0,0,0,0.0,0.0,0.0,0.0,0,0.00,0.00,0.00,0.00,43,-300,12811,182,482
489,405,11,0,True,2024-12-14T15:00:00Z,4,0,16,0,0,0,0,0,0,0,0,0,0,0,0,0,0.0,0.0,0.0,0.0,0,0.00,0.00,0.00,0.00,43,-479,10744,15,494
490,406,11,0,True,2024-12-14T15:00:00Z,4,0,16,0,0,0,0,0,0,0,0,0,0,0,0,0,0.0,0.0,0.0,0.0,0,0.00,0.00,0.00,0.00,44,303,5278,611,308
491,407,11,0,True,2024-12-14T15:00:00Z,4,0,16,0,0,0,0,0,0,0,0,0,0,0,0,0,0.0,0.0,0.0,0.0,0,0.00,0.00,0.00,0.00,45,11,541,41,30
492,408,11,0,True,2024-12-14T15:00:00Z,4,0,16,0,0,0,0,0,0,0,0,0,0,0,0,0,0.0,0.0,0.0,0.0,0,0.00,0.00,0.00,0.00,40,-481,19041,0,481
493,409,11,6,True,2024-12-14T15:00:00Z,4,0,16,63,0,0,1,0,0,0,0,0,0,0,0,17,7.2,2.3,3.0,1.3,1,0.04,0.10,0.14,0.19,45,2164,234002,12093,9929
494,410,11,1,True,2024-12-14T15:00:00Z,4,0,16,26,0,0,0,0,0,0,0,0,0,0,0,4,4.6,11.6,14.0,3.0,0,0.00,0.01,0.01,0.00,47,-37,61777,4642,4679
495,411,11,0,True,2024-12-14T15:00:00Z,4,0,16,0,0,0,0,0,0,0,0,0,0,0,0,0,0.0,0.0,0.0,0.0,0,0.00,0.00,0.00,0.00,50,-11,984,80,91
496,412,11,0,True,2024-12-14T15:00:00Z,4,0,16,0,0,0,0,0,0,0,0,0,0,0,0,0,0.0,0.0,0.0,0.0,0,0.00,0.00,0.00,0.00,43,84,11145,345,261
497,413,11,0,True,2024-12-14T15:00:00Z,4,0,16,0,0,0,0,0,0,0,0,0,0,0,0,0,0.0,0.0,0.0,0.0,0,0.00,0.00,0.00,0.00,50,-67442,657907,22101,89543
498,414,11,0,True,2024-12-14T15:00:00Z,4,0,16,0,0,0,0,0,0,0,0,0,0,0,0,0,0.0,0.0,0.0,0.0,0,0.00,0.00,0.00,0.00,40,-721,34138,399,1120
499,415,11,6,True,2024-12-14T15:00:00Z,4,0,16,90,0,0,1,0,0,0,0,0,0,0,0,24,11.8,1.2,2.0,1.5,1,0.00,0.01,0.01,0.19,54,12265,197860,25766,13501
500,416,11,0,True,2024-12-14T15:00:00Z,4,0,16,0,0,0,0,0,0,0,0,0,0,0,0,0,0.0,0.0,0.0,0.0,0,0.00,0.00,0.00,0.00,40,-316,37289,682,998
501,417,11,3,True,2024-12-14T15:00:00Z,4,0,16,90,0,0,1,0,0,0,0,0,0,0,0,21,11.6,17.3,8.0,3.7,1,0.21,0.04,0.25,0.19,55,-830,34565,2028,2858
502,418,11,1,True,2024-12-14T15:00:00Z,4,0,16,26,0,0,0,0,0,0,0,0,0,0,0,9,6.6,7.2,0.0,1.4,0,0.00,0.02,0.02,0.00,56,2723,359878,7944,5221
503,419,11,0,True,2024-12-14T15:00:00Z,4,0,16,0,0,0,0,0,0,0,0,0,0,0,0,0,0.0,0.0,0.0,0.0,0,0.00,0.00,0.00,0.00,45,-334,16126,0,334
504,420,11,1,True,2024-12-14T15:00:00Z,4,0,16,9,0,0,0,0,0,0,0,0,0,0,0,5,3.4,1.0,0.0,0.4,0,0.00,0.00,0.00,0.00,48,-1781,17989,420,2201
505,421,11,0,True,2024-12-14T15:00:00Z,4,0,16,0,0,0,0,0,0,0,0,0,0,0,0,0,0.0,0.0,0.0,0.0,0,0.00,0.00,0.00,0.00,69,-714,6545,709,1423
506,574,11,0,True,2024-12-14T15:00:00Z,4,0,16,0,0,0,0,0,0,0,0,0,0,0,0,0,0.0,0.0,0.0,0.0,0,0.00,0.00,0.00,0.00,40,-134,7596,0,134
507,590,11,1,True,2024-12-14T15:00:00Z,4,0,16,17,0,0,0,0,0,0,0,0,0,0,0,2,1.2,10.3,0.0,1.2,0,0.00,0.02,0.02,0.00,49,-139,16492,658,797
508,26,2,0,True,2024-12-14T17:30:00Z,2,1,16,0,0,0,0,0,0,0,0,0,0,0,0,0,0.0,0.0,0.0,0.0,0,0.00,0.00,0.00,0.00,44,-17189,64050,177,17366
509,422,2,2,True,2024-12-14T17:30:00Z,2,1,16,90,0,0,0,1,0,0,0,0,0,0,0,8,7.8,12.4,0.0,2.0,1,0.00,0.01,0.01,0.42,49,56089,1611154,113432,57343
510,423,2,7,True,2024-12-14T17:30:00Z,2,1,16,90,0,1,0,1,0,0,0,0,0,0,2,31,46.0,61.0,17.0,12.4,1,0.09,0.59,0.68,0.42,50,292,20405,1361,1069
511,424,2,0,True,2024-12-14T17:30:00Z,2,1,16,0,0,0,0,0,0,0,0,0,0,0,0,0,0.0,0.0,0.0,0.0,0,0.00,0.00,0.00,0.00,55,-275,32405,1144,1419
512,425,2,1,True,2024-12-14T17:30:00Z,2,1,16,1,0,0,0,0,0,0,0,0,0,0,0,6,7.2,0.0,0.0,0.7,0,0.00,0.00,0.00,0.05,42,-17,13728,445,462
513,426,2,0,True,2024-12-14T17:30:00Z,2,1,16,0,0,0,0,0,0,0,0,0,0,0,0,0,0.0,0.0,0.0,0.0,0,0.00,0.00,0.00,0.00,45,-58,2317,0,58
514,427,2,0,True,2024-12-14T17:30:00Z,2,1,16,0,0,0,0,0,0,0,0,0,0,0,0,0,0.0,0.0,0.0,0.0,0,0.00,0.00,0.00,0.00,42,-358,18614,234,592
515,428,2,0,True,2024-12-14T17:30:00Z,2,1,16,0,0,0,0,0,0,0,0,0,0,0,0,0,0.0,0.0,0.0,0.0,0,0.00,0.00,0.00,0.00,44,113,9304,943,830
516,429,2,0,True,2024-12-14T17:30:00Z,2,1,16,0,0,0,0,0,0,0,0,0,0,0,0,0,0.0,0.0,0.0,0.0,0,0.00,0.00,0.00,0.00,47,-20,1496,16,36
517,430,2,0,True,2024-12-14T17:30:00Z,2,1,16,0,0,0,0,0,0,0,0,0,0,0,0,0,0.0,0.0,0.0,0.0,0,0.00,0.00,0.00,0.00,49,-524,29863,1131,1655
518,431,2,2,True,2024-12-14T17:30:00Z,2,1,16,76,0,0,0,1,0,0,0,0,0,0,0,9,6.2,7.4,38.0,5.2,1,0.47,0.03,0.50,0.37,48,-81,3837,173,254
519,432,2,6,True,2024-12-14T17:30:00Z,2,1,16,13,1,0,0,0,0,0,0,0,0,0,0,24,33.0,1.5,17.0,5.2,0,0.20,0.00,0.20,0.05,51,-3104,71403,1422,4526
520,433,2,8,True,2024-12-14T17:30:00Z,2,1,16,90,0,1,0,1,0,0,0,0,0,0,3,35,32.2,50.6,43.0,12.6,1,0.15,0.82,0.97,0.42,63,17563,133308,20813,3250
521,434,2,2,True,2024-12-14T17:30:00Z,2,1,16,90,0,0,0,1,0,0,0,0,0,0,0,13,8.8,43.2,9.0,6.1,1,0.03,0.07,0.10,0.37,54,-8051,197982,7528,15579
522,435,2,0,True,2024-12-14T17:30:00Z,2,1,16,0,0,0,0,0,0,0,0,0,0,0,0,0,0.0,0.0,0.0,0.0,0,0.00,0.00,0.00,0.00,45,-40,1692,0,40
523,436,2,2,True,2024-12-14T17:30:00Z,2,1,16,67,0,0,0,1,0,0,0,0,0,0,0,11,20.4,11.5,4.0,3.6,1,0.09,0.15,0.24,0.37,46,21933,413850,40421,18488
524,437,2,2,True,2024-12-14T17:30:00Z,2,1,16,90,0,0,0,1,0,0,0,0,0,0,0,14,15.2,3.8,20.0,3.9,1,0.09,0.02,0.11,0.42,43,680,45172,2542,1862
525,438,2,0,True,2024-12-14T17:30:00Z,2,1,16,0,0,0,0,0,0,0,0,0,0,0,0,0,0.0,0.0,0.0,0.0,0,0.00,0.00,0.00,0.00,45,-21,2029,0,21
526,439,2,0,True,2024-12-14T17:30:00Z,2,1,16,0,0,0,0,0,0,0,0,0,0,0,0,0,0.0,0.0,0.0,0.0,0,0.00,0.00,0.00,0.00,50,-1,87,0,1
527,440,2,0,True,2024-12-14T17:30:00Z,2,1,16,0,0,0,0,0,0,0,0,0,0,0,0,0,0.0,0.0,0.0,0.0,0,0.00,0.00,0.00,0.00,43,-62,5581,63,125
528,441,2,0,True,2024-12-14T17:30:00Z,2,1,16,0,0,0,0,0,0,0,0,0,0,0,0,0,0.0,0.0,0.0,0.0,0,0.00,0.00,0.00,0.00,40,0,104,0,0
529,442,2,0,True,2024-12-14T17:30:00Z,2,1,16,0,0,0,0,0,0,0,0,0,0,0,0,0,0.0,0.0,0.0,0.0,0,0.00,0.00,0.00,0.00,44,-4035,82747,157,4192
530,443,2,2,True,2024-12-14T17:30:00Z,2,1,16,90,0,0,0,1,0,0,0,0,0,1,0,8,11.0,0.0,0.0,1.1,1,0.00,0.00,0.00,0.42,47,49620,872870,72134,22514
531,444,2,0,True,2024-12-14T17:30:00Z,2,1,16,0,0,0,0,0,0,0,0,0,0,0,0,0,0.0,0.0,0.0,0.0,0,0.00,0.00,0.00,0.00,43,-102,5971,47,149
532,446,2,0,True,2024-12-14T17:30:00Z,2,1,16,0,0,0,0,0,0,0,0,0,0,0,0,0,0.0,0.0,0.0,0.0,0,0.00,0.00,0.00,0.00,45,-4485,130313,0,4485
533,447,2,2,True,2024-12-14T17:30:00Z,2,1,16,90,0,0,0,1,0,0,0,0,0,0,0,6,2.4,2.1,11.0,1.6,1,0.07,0.01,0.08,0.42,66,202540,2574806,262288,59748
534,448,2,0,True,2024-12-14T17:30:00Z,2,1,16,0,0,0,0,0,0,0,0,0,0,0,0,0,0.0,0.0,0.0,0.0,0,0.00,0.00,0.00,0.00,45,-42,2435,0,42
535,449,2,2,True,2024-12-14T17:30:00Z,2,1,16,67,0,0,0,1,0,0,0,0,0,0,0,15,8.4,4.4,18.0,3.1,1,0.11,0.01,0.12,0.37,49,-1798,25372,581,2379
536,531,2,0,True,2024-12-14T17:30:00Z,2,1,16,0,0,0,0,0,0,0,0,0,0,0,0,0,0.0,0.0,0.0,0.0,0,0.00,0.00,0.00,0.00,62,-1096,59544,611,1707
537,573,2,9,True,2024-12-14T17:30:00Z,2,1,16,90,1,0,0,1,0,0,0,0,0,0,1,27,48.4,0.8,37.0,8.6,1,0.48,0.00,0.48,0.42,45,55576,187310,59621,4045
538,596,2,1,True,2024-12-14T17:30:00Z,2,1,16,22,0,0,0,0,0,0,0,0,0,0,0,3,1.0,13.0,0.0,1.4,0,0.00,0.01,0.01,0.05,59,333,13105,942,609
539,620,2,0,True,2024-12-14T17:30:00Z,2,1,16,0,0,0,0,0,0,0,0,0,0,0,0,0,0.0,0.0,0.0,0.0,0,0.00,0.00,0.00,0.00,55,-114,4519,145,259
540,653,2,1,True,2024-12-14T17:30:00Z,2,1,16,22,0,0,0,0,0,0,0,0,0,0,0,9,7.8,0.0,0.0,0.8,0,0.00,0.00,0.00,0.05,45,91,3839,274,183
541,14,18,0,True,2024-12-15T19:00:00Z,0,5,16,0,0,0,0,0,0,0,0,0,0,0,0,0,0.0,0.0,0.0,0.0,0,0.00,0.00,0.00,0.00,44,-11820,148199,192,12012
542,27,18,1,True,2024-12-15T19:00:00Z,0,5,16,8,0,0,0,0,0,0,0,0,0,0,0,3,0.0,0.0,0.0,0.0,0,0.00,0.00,0.00,0.44,50,1746,237850,21037,19291
543,188,18,0,True,2024-12-15T19:00:00Z,0,5,16,0,0,0,0,0,0,0,0,0,0,0,0,0,0.0,0.0,0.0,0.0,0,0.00,0.00,0.00,0.00,45,-1105,29075,322,1427
544,397,18,0,True,2024-12-15T19:00:00Z,0,5,16,0,0,0,0,0,0,0,0,0,0,0,0,0,0.0,0.0,0.0,0.0,0,0.00,0.00,0.00,0.00,48,-91,2797,45,136
545,450,18,0,True,2024-12-15T19:00:00Z,0,5,16,0,0,0,0,0,0,0,0,0,0,0,0,0,0.0,0.0,0.0,0.0,0,0.00,0.00,0.00,0.00,49,-35,2407,0,35
546,451,18,0,True,2024-12-15T19:00:00Z,0,5,16,0,0,0,0,0,0,0,0,0,0,0,0,0,0.0,0.0,0.0,0.0,0,0.00,0.00,0.00,0.00,44,-1816,14221,806,2622
547,452,18,2,True,2024-12-15T19:00:00Z,0,5,16,90,0,0,0,5,0,0,0,0,0,0,0,22,12.4,28.3,0.0,4.1,1,0.00,0.10,0.10,2.44,49,-1182,7010,420,1602
548,453,18,2,True,2024-12-15T19:00:00Z,0,5,16,81,0,0,0,5,0,0,0,0,0,0,0,0,11.2,0.3,24.0,3.6,1,0.54,0.00,0.54,1.99,51,8286,106575,17831,9545
549,454,18,0,True,2024-12-15T19:00:00Z,0,5,16,0,0,0,0,0,0,0,0,0,0,0,0,0,0.0,0.0,0.0,0.0,0,0.00,0.00,0.00,0.00,43,-288,10847,74,362
550,455,18,0,True,2024-12-15T19:00:00Z,0,5,16,90,0,0,0,5,0,0,0,0,0,0,0,-4,29.6,0.7,2.0,3.2,1,0.00,0.00,0.00,2.44,40,-12635,267173,3309,15944
551,456,18,0,True,2024-12-15T19:00:00Z,0,5,16,0,0,0,0,0,0,0,0,0,0,0,0,0,0.0,0.0,0.0,0.0,0,0.00,0.00,0.00,0.00,39,-686,54580,2458,3144
552,457,18,0,True,2024-12-15T19:00:00Z,0,5,16,0,0,0,0,0,0,0,0,0,0,0,0,0,0.0,0.0,0.0,0.0,0,0.00,0.00,0.00,0.00,39,705,34161,3797,3092
553,458,18,0,True,2024-12-15T19:00:00Z,0,5,16,0,0,0,0,0,0,0,0,0,0,0,0,0,0.0,0.0,0.0,0.0,0,0.00,0.00,0.00,0.00,45,-80,3129,0,80
554,459,18,0,True,2024-12-15T19:00:00Z,0,5,16,0,0,0,0,0,0,0,0,0,0,0,0,0,0.0,0.0,0.0,0.0,0,0.00,0.00,0.00,0.00,49,-10,1163,0,10
555,460,18,0,True,2024-12-15T19:00:00Z,0,5,16,0,0,0,0,0,0,0,0,0,0,0,0,0,0.0,0.0,0.0,0.0,0,0.00,0.00,0.00,0.00,39,-747,41097,2199,2946
556,461,18,0,True,2024-12-15T19:00:00Z,0,5,16,90,0,0,0,5,0,0,0,0,0,0,0,1,21.2,1.6,9.0,3.2,1,0.01,0.01,0.02,2.44,41,-5921,943797,16916,22837
557,462,18,1,True,2024-12-15T19:00:00Z,0,5,16,14,0,0,0,3,0,0,0,0,0,0,0,3,0.0,0.9,0.0,0.0,1,0.00,0.00,0.00,1.23,50,-50,711,24,74
558,463,18,0,True,2024-12-15T19:00:00Z,0,5,16,0,0,0,0,0,0,0,0,0,0,0,0,0,0.0,0.0,0.0,0.0,0,0.00,0.00,0.00,0.00,50,-119,2695,19,138
559,464,18,0,True,2024-12-15T19:00:00Z,0,5,16,0,0,0,0,0,0,0,0,0,0,0,0,0,0.0,0.0,0.0,0.0,0,0.00,0.00,0.00,0.00,40,-283,7403,67,350
560,465,18,0,True,2024-12-15T19:00:00Z,0,5,16,0,0,0,0,0,0,0,0,0,0,0,0,0,0.0,0.0,0.0,0.0,0,0.00,0.00,0.00,0.00,40,-291,10282,0,291
561,466,18,0,True,2024-12-15T19:00:00Z,0,5,16,0,0,0,0,0,0,0,0,0,0,0,0,0,0.0,0.0,0.0,0.0,0,0.00,0.00,0.00,0.00,40,6001,58057,12673,6672
562,467,18,0,True,2024-12-15T19:00:00Z,0,5,16,61,0,0,0,5,0,0,0,0,0,0,0,-5,8.6,15.8,6.0,3.0,1,0.00,0.67,0.67,1.99,43,-163,6713,191,354
563,468,18,0,True,2024-12-15T19:00:00Z,0,5,16,0,0,0,0,0,0,0,0,0,0,0,0,0,0.0,0.0,0.0,0.0,0,0.00,0.00,0.00,0.00,50,-44,3015,0,44
564,469,18,1,True,2024-12-15T19:00:00Z,0,5,16,90,0,0,0,5,0,0,0,0,0,4,0,-5,30.0,0.0,0.0,3.0,1,0.00,0.00,0.00,2.44,43,-1115,16705,288,1403
565,470,18,0,True,2024-12-15T19:00:00Z,0,5,16,0,0,0,0,0,0,0,0,0,0,0,0,0,0.0,0.0,0.0,0.0,0,0.00,0.00,0.00,0.00,49,-1189,18732,486,1675
566,471,18,0,True,2024-12-15T19:00:00Z,0,5,16,0,0,0,0,0,0,0,0,0,0,0,0,0,0.0,0.0,0.0,0.0,0,0.00,0.00,0.00,0.00,50,-48,2356,18,66
567,472,18,0,True,2024-12-15T19:00:00Z,0,5,16,0,0,0,0,0,0,0,0,0,0,0,0,0,0.0,0.0,0.0,0.0,0,0.00,0.00,0.00,0.00,40,-7107,70154,170,7277
568,473,18,0,True,2024-12-15T19:00:00Z,0,5,16,0,0,0,0,0,0,0,0,0,0,0,0,0,0.0,0.0,0.0,0.0,0,0.00,0.00,0.00,0.00,44,17880,227914,33711,15831
569,474,18,1,True,2024-12-15T19:00:00Z,0,5,16,28,0,0,0,0,0,0,0,0,0,0,0,8,8.6,1.1,5.0,1.5,0,0.01,0.01,0.02,0.44,44,-1951,20615,147,2098
570,475,18,0,True,2024-12-15T19:00:00Z,0,5,16,0,0,0,0,0,0,0,0,0,0,0,0,0,0.0,0.0,0.0,0.0,0,0.00,0.00,0.00,0.00,39,8551,548427,28065,19514
571,476,18,0,True,2024-12-15T19:00:00Z,0,5,16,90,0,0,0,5,0,0,0,0,0,0,0,-9,9.4,7.0,10.0,2.6,1,0.02,0.01,0.03,2.44,44,-1506,38109,1123,2629
572,477,18,1,True,2024-12-15T19:00:00Z,0,5,16,75,0,0,0,2,0,0,0,0,0,0,0,2,2.2,10.7,7.0,2.0,0,0.18,0.01,0.19,1.21,40,-2042,142731,1222,3264
573,515,18,0,True,2024-12-15T19:00:00Z,0,5,16,0,0,0,0,0,0,0,0,0,0,0,0,0,0.0,0.0,0.0,0.0,0,0.00,0.00,0.00,0.00,47,-91,2708,42,133
574,518,18,2,True,2024-12-15T19:00:00Z,0,5,16,90,0,0,0,5,0,0,0,0,0,0,0,12,5.2,1.8,4.0,1.1,1,0.00,0.01,0.01,2.44,48,-98,5166,268,366
575,584,18,0,True,2024-12-15T19:00:00Z,0,5,16,0,0,0,0,0,0,0,0,0,0,0,0,0,0.0,0.0,0.0,0.0,0,0.00,0.00,0.00,0.00,49,-490,18220,56,546
576,608,18,2,True,2024-12-15T19:00:00Z,0,5,16,90,0,0,0,5,0,0,0,0,0,0,0,10,6.8,24.8,10.0,4.2,1,0.08,0.08,0.16,2.44,45,9223,252215,27650,18427
577,623,18,1,True,2024-12-15T19:00:00Z,0,5,16,90,0,0,0,5,0,0,0,1,0,0,0,5,4.4,15.6,4.0,2.4,1,0.00,0.03,0.03,2.44,50,-864,3719,228,1092
578,82,17,5,False,2024-12-15T19:00:00Z,0,5,16,81,0,1,1,0,0,0,0,0,0,0,0,12,0.0,0.2,10.0,0.9,1,0.28,0.00,0.28,0.83,75,33651,983599,80959,47308
579,478,17,0,False,2024-12-15T19:00:00Z,0,5,16,0,0,0,0,0,0,0,0,0,0,0,0,0,0.0,0.0,0.0,0.0,0,0.00,0.00,0.00,0.00,40,-449,20677,0,449
580,479,17,0,False,2024-12-15T19:00:00Z,0,5,16,0,0,0,0,0,0,0,0,0,0,0,0,0,0.0,0.0,0.0,0.0,0,0.00,0.00,0.00,0.00,40,-561,53930,591,1152
581,480,17,0,False,2024-12-15T19:00:00Z,0,5,16,0,0,0,0,0,0,0,0,0,0,0,0,0,0.0,0.0,0.0,0.0,0,0.00,0.00,0.00,0.00,49,-702,13339,20,722
582,481,17,2,False,2024-12-15T19:00:00Z,0,5,16,90,0,0,1,0,0,0,0,1,0,0,0,13,8.2,6.8,0.0,1.5,1,0.00,0.02,0.02,0.84,44,121,91770,6588,6467
583,482,17,0,False,2024-12-15T19:00:00Z,0,5,16,0,0,0,0,0,0,0,0,0,0,0,0,0,0.0,0.0,0.0,0.0,0,0.00,0.00,0.00,0.00,49,-6006,33802,336,6342
584,483,17,0,False,2024-12-15T19:00:00Z,0,5,16,0,0,0,0,0,0,0,0,0,0,0,0,0,0.0,0.0,0.0,0.0,0,0.00,0.00,0.00,0.00,50,-2,122,0,2
585,484,17,0,False,2024-12-15T19:00:00Z,0,5,16,0,0,0,0,0,0,0,0,0,0,0,0,0,0.0,0.0,0.0,0.0,0,0.00,0.00,0.00,0.00,43,-2574,18929,36,2610
586,485,17,0,False,2024-12-15T19:00:00Z,0,5,16,0,0,0,0,0,0,0,0,0,0,0,0,0,0.0,0.0,0.0,0.0,0,0.00,0.00,0.00,0.00,45,-128,5963,0,128
587,486,17,6,False,2024-12-15T19:00:00Z,0,5,16,90,0,0,1,0,0,0,0,0,0,0,0,27,17.0,0.4,0.0,1.7,1,0.00,0.00,0.00,0.84,43,6057,41205,8650,2593
588,487,17,0,False,2024-12-15T19:00:00Z,0,5,16,0,0,0,0,0,0,0,0,0,0,0,0,0,0.0,0.0,0.0,0.0,0,0.00,0.00,0.00,0.00,45,-9,1002,0,9
589,488,17,7,False,2024-12-15T19:00:00Z,0,5,16,90,0,0,1,0,0,0,0,0,0,4,0,28,25.0,0.0,0.0,2.5,1,0.00,0.00,0.00,0.84,43,22740,71744,24890,2150
590,489,17,3,False,2024-12-15T19:00:00Z,0,5,16,90,0,0,1,0,0,0,0,0,0,0,0,15,23.6,1.8,0.0,2.5,1,0.00,0.01,0.01,0.84,46,1032,15035,1725,693
591,490,17,0,False,2024-12-15T19:00:00Z,0,5,16,0,0,0,0,0,0,0,0,0,0,0,0,0,0.0,0.0,0.0,0.0,0,0.00,0.00,0.00,0.00,50,0,319,0,0
592,491,17,0,False,2024-12-15T19:00:00Z,0,5,16,45,0,0,0,0,0,0,0,1,0,0,0,-5,1.0,3.3,6.0,1.0,0,0.43,0.00,0.43,0.30,67,6238,1012412,83215,76977
593,492,17,8,False,2024-12-15T19:00:00Z,0,5,16,90,1,0,1,0,0,0,0,0,0,0,0,35,41.8,30.5,51.0,12.3,1,0.37,0.09,0.46,0.84,63,40899,448874,64289,23390
594,493,17,0,False,2024-12-15T19:00:00Z,0,5,16,0,0,0,0,0,0,0,0,0,0,0,0,0,0.0,0.0,0.0,0.0,0,0.00,0.00,0.00,0.00,49,-38,3239,0,38
595,494,17,15,False,2024-12-15T19:00:00Z,0,5,16,76,2,0,1,0,0,0,0,1,0,0,3,55,73.0,27.6,55.0,15.6,1,0.65,0.04,0.69,0.80,76,-42383,816808,47563,89946
596,495,17,6,False,2024-12-15T19:00:00Z,0,5,16,62,0,0,1,0,0,0,0,0,0,0,0,22,4.4,13.3,0.0,1.8,0,0.00,0.01,0.01,0.71,56,41091,3276848,121512,80421
597,496,17,0,False,2024-12-15T19:00:00Z,0,5,16,0,0,0,0,0,0,0,0,0,0,0,0,0,0.0,0.0,0.0,0.0,0,0.00,0.00,0.00,0.00,42,-137,18716,438,575
598,497,17,0,False,2024-12-15T19:00:00Z,0,5,16,0,0,0,0,0,0,0,0,0,0,0,0,0,0.0,0.0,0.0,0.0,0,0.00,0.00,0.00,0.00,68,-408,37352,109,517
599,498,17,0,False,2024-12-15T19:00:00Z,0,5,16,0,0,0,0,0,0,0,0,0,0,0,0,0,0.0,0.0,0.0,0.0,0,0.00,0.00,0.00,0.00,50,-56559,541685,1166,57725
600,499,17,9,False,2024-12-15T19:00:00Z,0,5,16,90,1,0,1,0,0,0,0,0,0,0,1,48,58.8,29.5,26.0,11.4,1,0.27,0.03,0.30,0.84,48,225,22205,1923,1698
601,500,17,0,False,2024-12-15T19:00:00Z,0,5,16,0,0,0,0,0,0,0,0,0,0,0,0,0,0.0,0.0,0.0,0.0,0,0.00,0.00,0.00,0.00,45,-159,7121,0,159
602,502,17,0,False,2024-12-15T19:00:00Z,0,5,16,0,0,0,0,0,0,0,0,0,0,0,0,0,0.0,0.0,0.0,0.0,0,0.00,0.00,0.00,0.00,54,-18,2533,0,18
603,503,17,14,False,2024-12-15T19:00:00Z,0,5,16,45,1,2,0,0,0,0,0,0,0,0,2,51,76.0,40.3,80.0,19.6,1,0.37,0.30,0.67,0.54,98,-13084,555994,26044,39128
604,504,17,9,False,2024-12-15T19:00:00Z,0,5,16,76,0,1,1,0,0,0,0,0,0,0,0,44,33.8,27.5,8.0,6.9,1,0.06,0.30,0.36,0.80,44,-24,7752,159,183
605,505,17,1,False,2024-12-15T19:00:00Z,0,5,16,27,0,0,0,0,0,0,0,0,0,0,0,3,1.6,2.1,2.0,0.6,1,0.00,0.01,0.01,0.13,49,4346,346127,21311,16965
606,506,17,0,False,2024-12-15T19:00:00Z,0,5,16,0,0,0,0,0,0,0,0,0,0,0,0,0,0.0,0.0,0.0,0.0,0,0.00,0.00,0.00,0.00,45,-24693,401659,8513,33206
607,507,17,0,False,2024-12-15T19:00:00Z,0,5,16,0,0,0,0,0,0,0,0,0,0,0,0,0,0.0,0.0,0.0,0.0,0,0.00,0.00,0.00,0.00,50,-3,612,0,3
608,508,17,0,False,2024-12-15T19:00:00Z,0,5,16,0,0,0,0,0,0,0,0,0,0,0,0,0,0.0,0.0,0.0,0.0,0,0.00,0.00,0.00,0.00,49,-21213,234993,171,21384
609,509,17,1,False,2024-12-15T19:00:00Z,0,5,16,13,0,0,0,0,0,0,0,0,0,0,0,8,7.2,14.5,0.0,2.2,0,0.00,0.22,0.22,0.04,62,-457,18832,501,958
610,510,17,0,False,2024-12-15T19:00:00Z,0,5,16,0,0,0,0,0,0,0,0,0,0,0,0,0,0.0,0.0,0.0,0.0,0,0.00,0.00,0.00,0.00,40,-1913,147929,379,2292
611,609,17,1,False,2024-12-15T19:00:00Z,0,5,16,8,0,0,0,0,0,0,0,0,0,0,0,3,0.0,0.0,0.0,0.0,0,0.00,0.00,0.00,0.02,45,4298,184912,14636,10338
612,610,17,0,False,2024-12-15T19:00:00Z,0,5,16,0,0,0,0,0,0,0,0,0,0,0,0,0,0.0,0.0,0.0,0.0,0,0.00,0.00,0.00,0.00,45,-1332,25133,32,1364
613,612,17,0,False,2024-12-15T19:00:00Z,0,5,16,0,0,0,0,0,0,0,0,0,0,0,0,0,0.0,0.0,0.0,0.0,0,0.00,0.00,0.00,0.00,53,-13,2552,33,46
614,683,17,0,False,2024-12-15T19:00:00Z,0,5,16,0,0,0,0,0,0,0,0,0,0,0,0,0,0.0,0.0,0.0,0.0,0,0.00,0.00,0.00,0.00,45,34,500,102,68
615,684,17,0,False,2024-12-15T19:00:00Z,0,5,16,0,0,0,0,0,0,0,0,0,0,0,0,0,0.0,0.0,0.0,0.0,0,0.00,0.00,0.00,0.00,40,184,1732,353,169
616,388,3,5,False,2024-12-16T20:00:00Z,1,1,16,90,0,1,0,1,0,0,0,0,0,0,0,23,13.8,16.9,0.0,3.1,1,0.00,0.08,0.08,1.82,46,41716,671606,69510,27794
617,511,3,2,False,2024-12-16T20:00:00Z,1,1,16,74,0,0,1,0,0,0,0,1,0,0,0,9,10.4,1.8,2.0,1.4,1,0.02,0.01,0.03,1.27,50,-85,12858,389,474
618,512,3,0,False,2024-12-16T20:00:00Z,1,1,16,0,0,0,0,0,0,0,0,0,0,0,0,0,0.0,0.0,0.0,0.0,0,0.00,0.00,0.00,0.00,54,-53196,162753,1873,55069
619,513,3,0,False,2024-12-16T20:00:00Z,1,1,16,0,0,0,0,0,0,0,0,0,0,0,0,0,0.0,0.0,0.0,0.0,0,0.00,0.00,0.00,0.00,42,-20313,496503,3020,23333
620,514,3,2,False,2024-12-16T20:00:00Z,1,1,16,90,0,0,0,1,0,0,0,0,0,0,0,4,3.4,22.8,23.0,4.9,1,0.26,0.25,0.51,1.91,74,8420,756821,58408,49988
621,516,3,2,False,2024-12-16T20:00:00Z,1,1,16,90,0,0,0,1,0,0,0,0,0,0,0,14,32.2,19.0,9.0,6.0,1,0.20,0.08,0.28,1.91,42,-545,51409,1182,1727
622,517,3,0,False,2024-12-16T20:00:00Z,1,1,16,0,0,0,0,0,0,0,0,0,0,0,0,0,0.0,0.0,0.0,0.0,0,0.00,0.00,0.00,0.00,39,463,158825,4762,4299
623,519,3,0,False,2024-12-16T20:00:00Z,1,1,16,0,0,0,0,0,0,0,0,0,0,0,0,0,0.0,0.0,0.0,0.0,0,0.00,0.00,0.00,0.00,45,-93,3036,0,93
624,520,3,0,False,2024-12-16T20:00:00Z,1,1,16,0,0,0,0,0,0,0,0,0,0,0,0,0,0.0,0.0,0.0,0.0,0,0.00,0.00,0.00,0.00,44,-24255,100463,5002,29257
625,521,3,4,False,2024-12-16T20:00:00Z,1,1,16,90,0,0,0,1,0,0,0,0,0,8,0,21,58.8,0.0,0.0,5.9,1,0.00,0.00,0.00,1.91,41,34762,2170979,55470,20708
626,522,3,0,False,2024-12-16T20:00:00Z,1,1,16,0,0,0,0,0,0,0,0,0,0,0,0,0,0.0,0.0,0.0,0.0,0,0.00,0.00,0.00,0.00,43,-90,15240,292,382
627,523,3,0,False,2024-12-16T20:00:00Z,1,1,16,0,0,0,0,0,0,0,0,0,0,0,0,0,0.0,0.0,0.0,0.0,0,0.00,0.00,0.00,0.00,50,-4678,170371,7175,11853
628,524,3,2,False,2024-12-16T20:00:00Z,1,1,16,90,0,0,0,1,0,0,0,0,0,0,0,10,43.8,1.0,41.0,8.6,1,0.43,0.01,0.44,1.91,45,-7029,195320,1620,8649
629,525,3,3,False,2024-12-16T20:00:00Z,1,1,16,74,0,0,1,0,0,0,0,0,0,0,0,18,15.6,50.8,5.0,7.1,1,0.08,0.23,0.31,1.27,62,3712,273682,11467,7755
630,526,3,0,False,2024-12-16T20:00:00Z,1,1,16,0,0,0,0,0,0,0,0,0,0,0,0,0,0.0,0.0,0.0,0.0,0,0.00,0.00,0.00,0.00,47,-43,2693,47,90
631,527,3,10,False,2024-12-16T20:00:00Z,1,1,16,90,1,0,0,1,0,0,0,0,0,0,3,30,44.0,43.1,35.0,12.2,1,0.91,0.15,1.06,1.91,57,-6218,136805,1853,8071
632,528,3,2,False,2024-12-16T20:00:00Z,1,1,16,90,0,0,0,1,0,0,0,0,0,0,0,8,20.8,10.3,4.0,3.5,1,0.12,0.01,0.13,1.91,44,-127,16216,258,385
633,529,3,0,False,2024-12-16T20:00:00Z,1,1,16,0,0,0,0,0,0,0,0,0,0,0,0,0,0.0,0.0,0.0,0.0,0,0.00,0.00,0.00,0.00,44,-57,4892,0,57
634,530,3,2,False,2024-12-16T20:00:00Z,1,1,16,90,0,0,0,1,0,0,0,0,0,0,0,14,20.4,4.9,5.0,3.0,1,0.05,0.01,0.06,1.91,49,14749,228793,24836,10087
635,532,3,0,False,2024-12-16T20:00:00Z,1,1,16,0,0,0,0,0,0,0,0,0,0,0,0,0,0.0,0.0,0.0,0.0,0,0.00,0.00,0.00,0.00,44,-325,16682,0,325
636,576,3,0,False,2024-12-16T20:00:00Z,1,1,16,0,0,0,0,0,0,0,0,0,0,0,0,0,0.0,0.0,0.0,0.0,0,0.00,0.00,0.00,0.00,48,-26,2626,42,68
637,587,3,1,False,2024-12-16T20:00:00Z,1,1,16,15,0,0,0,1,0,0,0,0,0,0,0,3,7.0,0.3,0.0,0.7,0,0.00,0.00,0.00,0.64,57,-1618,47246,1177,2795
638,588,3,0,False,2024-12-16T20:00:00Z,1,1,16,0,0,0,0,0,0,0,0,0,0,0,0,0,0.0,0.0,0.0,0.0,0,0.00,0.00,0.00,0.00,48,-134,7778,179,313
639,589,3,1,False,2024-12-16T20:00:00Z,1,1,16,34,0,0,0,1,0,0,0,0,0,0,0,3,6.2,24.4,8.0,3.9,0,0.10,0.10,0.20,0.92,67,-1051,94227,1443,2494
640,591,3,0,False,2024-12-16T20:00:00Z,1,1,16,0,0,0,0,0,0,0,0,0,0,0,0,0,0.0,0.0,0.0,0.0,0,0.00,0.00,0.00,0.00,43,-360,30454,621,981
641,643,3,1,False,2024-12-16T20:00:00Z,1,1,16,1,0,0,0,0,0,0,0,0,0,0,0,3,2.0,0.0,0.0,0.2,0,0.00,0.00,0.00,0.09,40,-264,19736,241,505
642,654,3,0,False,2024-12-16T20:00:00Z,1,1,16,55,0,0,0,0,0,0,0,1,0,0,0,2,10.6,15.3,4.0,3.0,1,0.02,0.24,0.26,0.99,50,25,3073,323,298
643,677,3,1,False,2024-12-16T20:00:00Z,1,1,16,15,0,0,0,1,0,0,0,0,0,0,0,-1,2.4,0.0,0.0,0.2,0,0.00,0.00,0.00,0.64,40,33,1265,109,76
644,204,10,1,True,2024-12-14T15:00:00Z,1,2,16,90,0,0,0,2,0,0,0,0,0,2,0,6,16.6,0.0,0.0,1.7,1,0.00,0.00,0.00,1.20,43,7846,48936,9421,1575
645,533,10,-2,True,2024-12-14T15:00:00Z,1,2,16,90,0,0,0,2,0,0,0,0,1,0,0,5,13.2,20.5,11.0,4.5,1,0.05,0.21,0.26,1.20,49,67498,1729971,113980,46482
646,534,10,0,True,2024-12-14T15:00:00Z,1,2,16,0,0,0,0,0,0,0,0,0,0,0,0,0,0.0,0.0,0.0,0.0,0,0.00,0.00,0.00,0.00,48,-28,2589,21,49
647,535,10,2,True,2024-12-14T15:00:00Z,1,2,16,71,0,0,0,1,0,0,0,0,0,0,0,8,9.4,34.3,8.0,5.2,1,0.13,0.18,0.31,0.98,50,474,7866,1095,621
648,536,10,0,True,2024-12-14T15:00:00Z,1,2,16,0,0,0,0,0,0,0,0,0,0,0,0,0,0.0,0.0,0.0,0.0,0,0.00,0.00,0.00,0.00,40,-2179,163436,782,2961
649,537,10,0,True,2024-12-14T15:00:00Z,1,2,16,0,0,0,0,0,0,0,0,0,0,0,0,0,0.0,0.0,0.0,0.0,0,0.00,0.00,0.00,0.00,45,-254,8991,0,254
650,538,10,0,True,2024-12-14T15:00:00Z,1,2,16,0,0,0,0,0,0,0,0,0,0,0,0,0,0.0,0.0,0.0,0.0,0,0.00,0.00,0.00,0.00,45,-82,3056,0,82
651,539,10,0,True,2024-12-14T15:00:00Z,1,2,16,0,0,0,0,0,0,0,0,0,0,0,0,0,0.0,0.0,0.0,0.0,0,0.00,0.00,0.00,0.00,45,-1226,252112,15233,16459
652,540,10,0,True,2024-12-14T15:00:00Z,1,2,16,0,0,0,0,0,0,0,0,0,0,0,0,0,0.0,0.0,0.0,0.0,0,0.00,0.00,0.00,0.00,45,-526,22422,373,899
653,541,10,9,True,2024-12-14T15:00:00Z,1,2,16,90,1,0,0,2,0,0,0,0,0,0,3,45,52.6,30.4,52.0,13.5,1,0.41,0.12,0.53,1.20,71,11382,2691487,169503,158121
654,542,10,0,True,2024-12-14T15:00:00Z,1,2,16,0,0,0,0,0,0,0,0,0,0,0,0,0,0.0,0.0,0.0,0.0,0,0.00,0.00,0.00,0.00,44,-958,20663,628,1586
655,543,10,0,True,2024-12-14T15:00:00Z,1,2,16,63,0,0,0,1,1,0,0,0,0,0,0,5,2.8,3.1,0.0,0.6,1,0.00,0.06,0.06,0.94,43,4797,21551,5407,610
656,544,10,1,True,2024-12-14T15:00:00Z,1,2,16,45,0,0,0,1,0,0,0,0,0,0,0,13,19.4,25.6,8.0,5.3,0,0.07,0.06,0.13,0.63,48,-36,4795,261,297
657,545,10,0,True,2024-12-14T15:00:00Z,1,2,16,0,0,0,0,0,0,0,0,0,0,0,0,0,0.0,0.0,0.0,0.0,0,0.00,0.00,0.00,0.00,50,-183,10789,0,183
658,546,10,0,True,2024-12-14T15:00:00Z,1,2,16,0,0,0,0,0,0,0,0,0,0,0,0,0,0.0,0.0,0.0,0.0,0,0.00,0.00,0.00,0.00,45,-5843,162548,0,5843
659,547,10,0,True,2024-12-14T15:00:00Z,1,2,16,0,0,0,0,0,0,0,0,0,0,0,0,0,0.0,0.0,0.0,0.0,0,0.00,0.00,0.00,0.00,44,-109,5442,610,719
660,548,10,4,True,2024-12-14T15:00:00Z,1,2,16,26,0,1,0,1,0,0,0,0,0,0,0,20,26.8,25.1,2.0,5.4,0,0.00,0.08,0.08,0.26,53,565,10729,1480,915
661,549,10,0,True,2024-12-14T15:00:00Z,1,2,16,0,0,0,0,0,0,0,0,0,0,0,0,0,0.0,0.0,0.0,0.0,0,0.00,0.00,0.00,0.00,45,-8,744,0,8
662,550,10,1,True,2024-12-14T15:00:00Z,1,2,16,18,0,0,0,1,0,0,0,0,0,0,0,3,0.0,0.5,0.0,0.1,0,0.00,0.00,0.00,0.22,61,-10,28195,1192,1202
663,551,10,0,True,2024-12-14T15:00:00Z,1,2,16,0,0,0,0,0,0,0,0,0,0,0,0,0,0.0,0.0,0.0,0.0,0,0.00,0.00,0.00,0.00,45,-600,22680,0,600
664,552,10,0,True,2024-12-14T15:00:00Z,1,2,16,0,0,0,0,0,0,0,0,0,0,0,0,0,0.0,0.0,0.0,0.0,0,0.00,0.00,0.00,0.00,40,-381,14911,0,381
665,553,10,0,True,2024-12-14T15:00:00Z,1,2,16,0,0,0,0,0,0,0,0,0,0,0,0,0,0.0,0.0,0.0,0.0,0,0.00,0.00,0.00,0.00,49,-44331,74607,1895,46226
666,554,10,0,True,2024-12-14T15:00:00Z,1,2,16,0,0,0,0,0,0,0,0,0,0,0,0,0,0.0,0.0,0.0,0.0,0,0.00,0.00,0.00,0.00,43,-19055,184103,3945,23000
667,555,10,0,True,2024-12-14T15:00:00Z,1,2,16,0,0,0,0,0,0,0,0,0,0,0,0,0,0.0,0.0,0.0,0.0,0,0.00,0.00,0.00,0.00,48,-1,4192,156,157
668,556,10,0,True,2024-12-14T15:00:00Z,1,2,16,0,0,0,0,0,0,0,0,0,0,0,0,0,0.0,0.0,0.0,0.0,0,0.00,0.00,0.00,0.00,40,-2083,169075,1120,3203
669,557,10,2,True,2024-12-14T15:00:00Z,1,2,16,90,0,0,0,2,0,0,0,0,0,0,0,12,12.8,15.9,5.0,3.4,1,0.06,0.07,0.13,1.20,50,-645,48551,5502,6147
670,558,10,0,True,2024-12-14T15:00:00Z,1,2,16,0,0,0,0,0,0,0,0,0,0,0,0,0,0.0,0.0,0.0,0.0,0,0.00,0.00,0.00,0.00,39,-1007,57604,1382,2389
671,559,10,1,True,2024-12-14T15:00:00Z,1,2,16,90,0,0,0,2,0,0,0,0,0,0,0,12,24.8,7.2,2.0,3.4,1,0.00,0.02,0.02,1.20,45,4536,29938,6375,1839
672,561,10,0,True,2024-12-14T15:00:00Z,1,2,16,0,0,0,0,0,0,0,0,0,0,0,0,0,0.0,0.0,0.0,0.0,0,0.00,0.00,0.00,0.00,40,-2523,139015,1129,3652
673,562,10,0,True,2024-12-14T15:00:00Z,1,2,16,0,0,0,0,0,0,0,0,0,0,0,0,0,0.0,0.0,0.0,0.0,0,0.00,0.00,0.00,0.00,55,-27,2408,0,27
674,563,10,0,True,2024-12-14T15:00:00Z,1,2,16,0,0,0,0,0,0,0,0,0,0,0,0,0,0.0,0.0,0.0,0.0,0,0.00,0.00,0.00,0.00,52,-88,8055,281,369
675,564,10,1,True,2024-12-14T15:00:00Z,1,2,16,90,0,0,0,2,0,0,0,0,0,0,0,3,9.8,1.3,0.0,1.1,1,0.00,0.01,0.01,1.20,43,88,8078,304,216
676,565,10,0,True,2024-12-14T15:00:00Z,1,2,16,0,0,0,0,0,0,0,0,0,0,0,0,0,0.0,0.0,0.0,0.0,0,0.00,0.00,0.00,0.00,51,-883,8849,43,926
677,566,10,2,True,2024-12-14T15:00:00Z,1,2,16,90,0,0,0,2,0,0,0,0,0,0,0,4,6.4,12.3,60.0,7.9,1,0.55,0.01,0.56,1.20,57,52154,521780,79957,27803
678,567,10,1,True,2024-12-14T15:00:00Z,1,2,16,90,0,0,0,2,0,0,0,0,0,0,0,13,26.2,11.8,0.0,3.8,1,0.00,0.05,0.05,1.20,43,543,36808,2954,2411
679,637,10,0,True,2024-12-14T15:00:00Z,1,2,16,0,0,0,0,0,0,0,0,0,0,0,0,0,0.0,0.0,0.0,0.0,0,0.00,0.00,0.00,0.00,40,-239,14291,133,372
680,642,10,1,True,2024-12-14T15:00:00Z,1,2,16,45,0,0,0,1,0,0,0,0,0,0,0,3,5.4,1.9,0.0,0.7,1,0.00,0.01,0.01,0.57,50,279,2888,515,236
681,655,10,0,True,2024-12-14T15:00:00Z,1,2,16,0,0,0,0,0,0,0,0,0,0,0,0,0,0.0,0.0,0.0,0.0,0,0.00,0.00,0.00,0.00,55,-61,2744,130,191
682,664,10,0,True,2024-12-14T15:00:00Z,1,2,16,0,0,0,0,0,0,0,0,0,0,0,0,0,0.0,0.0,0.0,0.0,0,0.00,0.00,0.00,0.00,39,9815,69879,14387,4572
683,682,10,0,True,2024-12-14T15:00:00Z,1,2,16,0,0,0,0,0,0,0,0,0,0,0,0,0,0.0,0.0,0.0,0.0,0,0.00,0.00,0.00,0.00,45,177,1145,347,170
